{"frameRate":24,"name":"girl","version":"5.5","compatibleVersion":"5.5","armature":[{"type":"Sheet","frameRate":24,"name":"girl","aabb":{"x":-243.5,"y":-263.5,"width":487,"height":527},"bone":[{"name":"root"}],"slot":[{"displayIndex":26,"name":"sheetSlot","parent":"root"}],"skin":[{"slot":[{"name":"sheetSlot","display":[{"name":"girl00010001"},{"name":"girl00010002"},{"name":"girl00010003"},{"name":"girl00010004"},{"name":"girl00010005"},{"name":"girl00010006"},{"name":"girl00010007"},{"name":"girl00010008"},{"name":"girl00010009"},{"name":"girl00010010"},{"name":"girl00010011"},{"name":"girl00010012"},{"name":"girl00010013"},{"name":"girl00010014"},{"name":"girl00010015"},{"name":"girl00010016"},{"name":"girl00010017"},{"name":"girl00010018"},{"name":"girl00010019"},{"name":"girl00010020"},{"name":"girl00010021"},{"name":"girl00010022"},{"name":"girl00010023"},{"name":"girl00010024"},{"name":"girl00010025"},{"name":"girl00010026"},{"name":"girl00010027"},{"name":"girl00010028"},{"name":"girl00010029"},{"name":"girl00010030"},{"name":"girl00010031"},{"name":"girl00010032"},{"name":"girl00010033"},{"name":"girl00010034"}]}]}],"animation":[{"duration":34,"playTimes":0,"name":"girl","slot":[{"name":"sheetSlot","displayFrame":[{},{"value":1},{"value":2},{"value":3},{"value":4},{"value":5},{"value":6},{"value":7},{"value":8},{"value":9},{"value":10},{"value":11},{"value":12},{"value":13},{"value":14},{"value":15},{"value":16},{"value":17},{"value":18},{"value":19},{"value":20},{"value":21},{"value":22},{"value":23},{"value":24},{"value":25},{"value":26},{"value":27},{"value":28},{"value":29},{"value":30},{"value":31},{"value":32},{"value":33}]}]}],"defaultActions":[{"gotoAndPlay":"girl"}]}]}