{"width":4096,"SubTexture":[{"y":1055,"frameY":-4,"frameWidth":487,"width":439,"frameX":-44,"frameHeight":527,"height":523,"name":"girl00010015","x":1},{"y":511,"frameY":-26,"frameWidth":487,"width":410,"frameX":-5,"frameHeight":527,"height":501,"name":"girl00010002","x":1699},{"y":2095,"frameY":-28,"frameWidth":487,"width":407,"frameX":0,"frameHeight":527,"height":499,"name":"girl00010001","x":1283},{"y":1580,"frameY":-11,"frameWidth":487,"width":420,"frameX":-44,"frameHeight":527,"height":516,"name":"girl00010009","x":438},{"y":1,"frameY":-1,"frameWidth":487,"width":443,"frameX":-44,"frameHeight":527,"height":526,"name":"girl00010014","x":1},{"y":1043,"frameY":-16,"frameWidth":487,"width":418,"frameX":-27,"frameHeight":527,"height":511,"name":"girl00010006","x":442},{"y":1,"frameY":-19,"frameWidth":487,"width":417,"frameX":-21,"frameHeight":527,"height":508,"name":"girl00010005","x":1282},{"y":2104,"frameY":-10,"frameWidth":487,"width":422,"frameX":-44,"frameHeight":527,"height":517,"name":"girl00010019","x":437},{"y":1580,"frameY":-5,"frameWidth":487,"width":435,"frameX":-44,"frameHeight":527,"height":522,"name":"girl00010016","x":1},{"y":3150,"frameY":-8,"frameWidth":487,"width":429,"frameX":-44,"frameHeight":527,"height":519,"name":"girl00010011","x":1},{"y":1580,"frameY":-14,"frameWidth":487,"width":420,"frameX":-35,"frameHeight":527,"height":513,"name":"girl00010021","x":1282},{"y":2622,"frameY":-28,"frameWidth":487,"width":407,"frameX":0,"frameHeight":527,"height":499,"name":"girl00010032","x":1271},{"y":3123,"frameY":-28,"frameWidth":487,"width":407,"frameX":0,"frameHeight":527,"height":499,"name":"girl00010030","x":1271},{"y":3123,"frameY":-28,"frameWidth":487,"width":407,"frameX":0,"frameHeight":527,"height":499,"name":"girl00010031","x":862},{"y":2104,"frameY":-11,"frameWidth":487,"width":420,"frameX":-41,"frameHeight":527,"height":516,"name":"girl00010020","x":861},{"y":1017,"frameY":-24,"frameWidth":487,"width":414,"frameX":-9,"frameHeight":527,"height":503,"name":"girl00010026","x":1698},{"y":1043,"frameY":-18,"frameWidth":487,"width":418,"frameX":-25,"frameHeight":527,"height":509,"name":"girl00010023","x":862},{"y":3150,"frameY":-8,"frameWidth":487,"width":428,"frameX":-44,"frameHeight":527,"height":519,"name":"girl00010018","x":432},{"y":2596,"frameY":-28,"frameWidth":487,"width":407,"frameX":0,"frameHeight":527,"height":499,"name":"girl00010033","x":1680},{"y":2622,"frameY":-28,"frameWidth":487,"width":407,"frameX":0,"frameHeight":527,"height":499,"name":"girl00010029","x":862},{"y":529,"frameY":-15,"frameWidth":487,"width":420,"frameX":-33,"frameHeight":527,"height":512,"name":"girl00010007","x":442},{"y":514,"frameY":-19,"frameWidth":487,"width":417,"frameX":-19,"frameHeight":527,"height":508,"name":"girl00010024","x":864},{"y":1,"frameY":-22,"frameWidth":487,"width":414,"frameX":-16,"frameHeight":527,"height":505,"name":"girl00010004","x":1701},{"y":1024,"frameY":-23,"frameWidth":487,"width":414,"frameX":-10,"frameHeight":527,"height":504,"name":"girl00010003","x":1282},{"y":1580,"frameY":-12,"frameWidth":487,"width":420,"frameX":-38,"frameHeight":527,"height":515,"name":"girl00010008","x":860},{"y":1,"frameY":-27,"frameWidth":487,"width":411,"frameX":-5,"frameHeight":527,"height":500,"name":"girl00010027","x":867},{"y":1,"frameY":-16,"frameWidth":487,"width":419,"frameX":-30,"frameHeight":527,"height":511,"name":"girl00010022","x":446},{"y":2628,"frameY":-9,"frameWidth":487,"width":425,"frameX":-44,"frameHeight":527,"height":518,"name":"girl00010010","x":435},{"y":529,"frameY":-3,"frameWidth":487,"width":439,"frameX":-44,"frameHeight":527,"height":524,"name":"girl00010013","x":1},{"y":2628,"frameY":-7,"frameWidth":487,"width":432,"frameX":-44,"frameHeight":527,"height":520,"name":"girl00010017","x":1},{"y":511,"frameY":-28,"frameWidth":487,"width":407,"frameX":0,"frameHeight":527,"height":499,"name":"girl00010034","x":2111},{"y":2104,"frameY":-5,"frameWidth":487,"width":434,"frameX":-44,"frameHeight":527,"height":522,"name":"girl00010012","x":1},{"y":511,"frameY":-23,"frameWidth":487,"width":414,"frameX":-15,"frameHeight":527,"height":504,"name":"girl00010025","x":1283},{"y":1,"frameY":-28,"frameWidth":487,"width":407,"frameX":0,"frameHeight":527,"height":499,"name":"girl00010028","x":2117}],"height":4096,"name":"girl","imagePath":"girl_tex.png"}