{"width":2048,"imagePath":"flowers_tex.png","height":4096,"name":"flowers","SubTexture":[{"y":841,"frameWidth":678,"x":1,"frameHeight":208,"width":676,"frameY":-2,"height":207,"name":"huacongmcccc0037","frameX":-3},{"y":2927,"frameWidth":678,"x":681,"frameHeight":208,"width":678,"frameY":-3,"height":205,"name":"huacongmcccc0046","frameX":-1},{"y":2719,"frameWidth":678,"x":679,"frameHeight":208,"width":676,"frameY":-2,"height":206,"name":"huacongmcccc0038","frameX":-3},{"y":1886,"frameWidth":678,"x":1,"frameHeight":208,"width":674,"frameY":-1,"height":207,"name":"huacongmcccc0033","frameX":-4},{"y":421,"frameWidth":678,"x":676,"frameHeight":208,"width":673,"frameY":0,"height":208,"name":"huacongmcccc0027","frameX":-6},{"y":211,"frameWidth":678,"x":1,"frameHeight":208,"width":673,"frameY":-1,"height":208,"name":"huacongmcccc0029","frameX":-5},{"y":421,"frameWidth":678,"x":1351,"frameHeight":208,"width":673,"frameY":0,"height":208,"name":"huacongmcccc0021","frameX":-5},{"y":2511,"frameWidth":678,"x":1,"frameHeight":208,"width":676,"frameY":-2,"height":206,"name":"huacongmcccc0040","frameX":-2},{"y":2927,"frameWidth":678,"x":1361,"frameHeight":208,"width":678,"frameY":-4,"height":205,"name":"huacongmcccc0002","frameX":0},{"y":1677,"frameWidth":678,"x":678,"frameHeight":208,"width":675,"frameY":-1,"height":207,"name":"huacongmcccc0034","frameX":-4},{"y":2719,"frameWidth":678,"x":1357,"frameHeight":208,"width":676,"frameY":-2,"height":206,"name":"huacongmcccc0041","frameX":-2},{"y":1468,"frameWidth":678,"x":1,"frameHeight":208,"width":675,"frameY":-1,"height":207,"name":"huacongmcccc0014","frameX":-3},{"y":840,"frameWidth":678,"x":1351,"frameHeight":208,"width":676,"frameY":-2,"height":207,"name":"huacongmcccc0012","frameX":-3},{"y":1050,"frameWidth":678,"x":1,"frameHeight":208,"width":672,"frameY":0,"height":208,"name":"huacongmcccc0026","frameX":-6},{"y":211,"frameWidth":678,"x":1351,"frameHeight":208,"width":673,"frameY":-1,"height":208,"name":"huacongmcccc0028","frameX":-6},{"y":1259,"frameWidth":678,"x":1349,"frameHeight":208,"width":675,"frameY":-1,"height":207,"name":"huacongmcccc0035","frameX":-4},{"y":1468,"frameWidth":678,"x":1349,"frameHeight":208,"width":675,"frameY":-2,"height":207,"name":"huacongmcccc0036","frameX":-3},{"y":211,"frameWidth":678,"x":676,"frameHeight":208,"width":673,"frameY":0,"height":208,"name":"huacongmcccc0023","frameX":-6},{"y":2719,"frameWidth":678,"x":1,"frameHeight":208,"width":676,"frameY":-2,"height":206,"name":"huacongmcccc0009","frameX":-2},{"y":3134,"frameWidth":678,"x":681,"frameHeight":208,"width":678,"frameY":-4,"height":205,"name":"huacongmcccc0048","frameX":0},{"y":1,"frameWidth":678,"x":677,"frameHeight":208,"width":674,"frameY":-1,"height":208,"name":"huacongmcccc0019","frameX":-5},{"y":2303,"frameWidth":678,"x":680,"frameHeight":208,"width":677,"frameY":-3,"height":206,"name":"huacongmcccc0042","frameX":-2},{"y":3341,"frameWidth":678,"x":681,"frameHeight":208,"width":678,"frameY":-3,"height":205,"name":"huacongmcccc0045","frameX":-1},{"y":3548,"frameWidth":678,"x":1,"frameHeight":208,"width":677,"frameY":-3,"height":205,"name":"huacongmcccc0005","frameX":-1},{"y":2511,"frameWidth":678,"x":679,"frameHeight":208,"width":676,"frameY":-2,"height":206,"name":"huacongmcccc0010","frameX":-2},{"y":1886,"frameWidth":678,"x":677,"frameHeight":208,"width":674,"frameY":-1,"height":207,"name":"huacongmcccc0016","frameX":-4},{"y":2095,"frameWidth":678,"x":1359,"frameHeight":208,"width":677,"frameY":-3,"height":206,"name":"huacongmcccc0043","frameX":-1},{"y":1049,"frameWidth":678,"x":679,"frameHeight":208,"width":676,"frameY":-2,"height":207,"name":"huacongmcccc0013","frameX":-3},{"y":2303,"frameWidth":678,"x":1359,"frameHeight":208,"width":677,"frameY":-3,"height":206,"name":"huacongmcccc0044","frameX":-1},{"y":3341,"frameWidth":678,"x":1,"frameHeight":208,"width":678,"frameY":-4,"height":205,"name":"huacongmcccc0001","frameX":0},{"y":1,"frameWidth":678,"x":1,"frameHeight":208,"width":674,"frameY":-1,"height":208,"name":"huacongmcccc0031","frameX":-5},{"y":3134,"frameWidth":678,"x":1,"frameHeight":208,"width":678,"frameY":-3,"height":205,"name":"huacongmcccc0047","frameX":-1},{"y":1,"frameWidth":678,"x":1353,"frameHeight":208,"width":674,"frameY":-1,"height":208,"name":"huacongmcccc0032","frameX":-5},{"y":631,"frameWidth":678,"x":676,"frameHeight":208,"width":673,"frameY":-1,"height":208,"name":"huacongmcccc0020","frameX":-5},{"y":2095,"frameWidth":678,"x":680,"frameHeight":208,"width":677,"frameY":-3,"height":206,"name":"huacongmcccc0006","frameX":-1},{"y":2303,"frameWidth":678,"x":1,"frameHeight":208,"width":677,"frameY":-3,"height":206,"name":"huacongmcccc0008","frameX":-2},{"y":3341,"frameWidth":678,"x":1361,"frameHeight":208,"width":678,"frameY":-3,"height":205,"name":"huacongmcccc0004","frameX":-1},{"y":2927,"frameWidth":678,"x":1,"frameHeight":208,"width":678,"frameY":-4,"height":205,"name":"huacongmcccc0049","frameX":0},{"y":1886,"frameWidth":678,"x":1355,"frameHeight":208,"width":674,"frameY":-1,"height":207,"name":"huacongmcccc0017","frameX":-4},{"y":3134,"frameWidth":678,"x":1361,"frameHeight":208,"width":678,"frameY":-3,"height":205,"name":"huacongmcccc0003","frameX":-1},{"y":631,"frameWidth":678,"x":1351,"frameHeight":208,"width":676,"frameY":-2,"height":207,"name":"huacongmcccc0011","frameX":-3},{"y":1677,"frameWidth":678,"x":1,"frameHeight":208,"width":675,"frameY":-1,"height":207,"name":"huacongmcccc0015","frameX":-4},{"y":1049,"frameWidth":678,"x":1357,"frameHeight":208,"width":672,"frameY":0,"height":208,"name":"huacongmcccc0025","frameX":-6},{"y":2511,"frameWidth":678,"x":1357,"frameHeight":208,"width":676,"frameY":-2,"height":206,"name":"huacongmcccc0039","frameX":-3},{"y":2095,"frameWidth":678,"x":1,"frameHeight":208,"width":677,"frameY":-3,"height":206,"name":"huacongmcccc0007","frameX":-1},{"y":421,"frameWidth":678,"x":1,"frameHeight":208,"width":673,"frameY":0,"height":208,"name":"huacongmcccc0022","frameX":-6},{"y":1677,"frameWidth":678,"x":1355,"frameHeight":208,"width":674,"frameY":-1,"height":207,"name":"huacongmcccc0018","frameX":-4},{"y":631,"frameWidth":678,"x":1,"frameHeight":208,"width":673,"frameY":-1,"height":208,"name":"huacongmcccc0030","frameX":-5},{"y":1258,"frameWidth":678,"x":675,"frameHeight":208,"width":672,"frameY":0,"height":208,"name":"huacongmcccc0024","frameX":-6}]}