{"frameRate":24,"name":"flowers","version":"5.5","compatibleVersion":"5.5","armature":[{"type":"Sheet","frameRate":20,"name":"flowers","aabb":{"x":-339,"y":-104,"width":678,"height":208},"bone":[{"name":"root"}],"slot":[{"displayIndex":48,"name":"sheetSlot","parent":"root"}],"skin":[{"slot":[{"name":"sheetSlot","display":[{"name":"huacongmcccc0009"},{"name":"huacongmcccc0010"},{"name":"huacongmcccc0011"},{"name":"huacongmcccc0012"},{"name":"huacongmcccc0013"},{"name":"huacongmcccc0014"},{"name":"huacongmcccc0015"},{"name":"huacongmcccc0016"},{"name":"huacongmcccc0017"},{"name":"huacongmcccc0018"},{"name":"huacongmcccc0019"},{"name":"huacongmcccc0020"},{"name":"huacongmcccc0021"},{"name":"huacongmcccc0022"},{"name":"huacongmcccc0023"},{"name":"huacongmcccc0024"},{"name":"huacongmcccc0025"},{"name":"huacongmcccc0026"},{"name":"huacongmcccc0027"},{"name":"huacongmcccc0028"},{"name":"huacongmcccc0029"},{"name":"huacongmcccc0030"},{"name":"huacongmcccc0031"},{"name":"huacongmcccc0032"},{"name":"huacongmcccc0033"},{"name":"huacongmcccc0034"},{"name":"huacongmcccc0035"},{"name":"huacongmcccc0036"},{"name":"huacongmcccc0037"},{"name":"huacongmcccc0038"},{"name":"huacongmcccc0039"},{"name":"huacongmcccc0040"},{"name":"huacongmcccc0041"},{"name":"huacongmcccc0042"},{"name":"huacongmcccc0043"},{"name":"huacongmcccc0044"},{"name":"huacongmcccc0045"},{"name":"huacongmcccc0046"},{"name":"huacongmcccc0047"},{"name":"huacongmcccc0048"},{"name":"huacongmcccc0049"},{"name":"huacongmcccc0001"},{"name":"huacongmcccc0002"},{"name":"huacongmcccc0003"},{"name":"huacongmcccc0004"},{"name":"huacongmcccc0005"},{"name":"huacongmcccc0006"},{"name":"huacongmcccc0007"},{"name":"huacongmcccc0008"}]}]}],"animation":[{"duration":49,"playTimes":0,"name":"flowers","slot":[{"name":"sheetSlot","displayFrame":[{},{"value":1},{"value":2},{"value":3},{"value":4},{"value":5},{"value":6},{"value":7},{"value":8},{"value":9},{"value":10},{"value":11},{"value":12},{"value":13},{"value":14},{"value":15},{"value":16},{"value":17},{"value":18},{"value":19},{"value":20},{"value":21},{"value":22},{"value":23},{"value":24},{"value":25},{"value":26},{"value":27},{"value":28},{"value":29},{"value":30},{"value":31},{"value":32},{"value":33},{"value":34},{"value":35},{"value":36},{"value":37},{"value":38},{"value":39},{"value":40},{"value":41},{"value":42},{"value":43},{"value":44},{"value":45},{"value":46},{"value":47},{"value":48}]}]}],"defaultActions":[{"gotoAndPlay":"flowers"}]}]}