{"width":4096,"imagePath":"bear_tex.png","height":2048,"name":"bear","SubTexture":[{"y":294,"frameX":0,"frameHeight":291,"frameY":0,"width":270,"frameWidth":275,"height":291,"name":"bear0034","x":827},{"y":1,"frameX":0,"frameHeight":291,"frameY":0,"width":269,"frameWidth":275,"height":291,"name":"bear0044","x":1099},{"y":880,"frameX":0,"frameHeight":291,"frameY":0,"width":269,"frameWidth":275,"height":291,"name":"bear0068","x":1098},{"y":1173,"frameX":0,"frameHeight":291,"frameY":0,"width":262,"frameWidth":275,"height":291,"name":"bear0054","x":2703},{"y":1173,"frameX":0,"frameHeight":291,"frameY":0,"width":273,"frameWidth":275,"height":291,"name":"bear0031","x":277},{"y":1,"frameX":0,"frameHeight":291,"frameY":0,"width":262,"frameWidth":275,"height":291,"name":"bear0037","x":2440},{"y":1,"frameX":0,"frameHeight":291,"frameY":0,"width":262,"frameWidth":275,"height":291,"name":"bear0025","x":3759},{"y":880,"frameX":0,"frameHeight":291,"frameY":0,"width":262,"frameWidth":275,"height":291,"name":"bear0024","x":2703},{"y":294,"frameX":0,"frameHeight":291,"frameY":0,"width":272,"frameWidth":275,"height":291,"name":"bear0043","x":553},{"y":294,"frameX":0,"frameHeight":291,"frameY":0,"width":267,"frameWidth":275,"height":291,"name":"bear0057","x":1639},{"width":275,"y":1,"height":291,"name":"bear0060","x":1},{"y":587,"frameX":0,"frameHeight":291,"frameY":0,"width":267,"frameWidth":275,"height":291,"name":"bear0013","x":1370},{"y":294,"frameX":0,"frameHeight":291,"frameY":0,"width":262,"frameWidth":275,"height":291,"name":"bear0022","x":2440},{"y":1173,"frameX":0,"frameHeight":291,"frameY":0,"width":270,"frameWidth":275,"height":291,"name":"bear0058","x":826},{"y":587,"frameX":0,"frameHeight":291,"frameY":0,"width":272,"frameWidth":275,"height":291,"name":"bear0015","x":553},{"y":1173,"frameX":0,"frameHeight":291,"frameY":0,"width":264,"frameWidth":275,"height":291,"name":"bear0028","x":2173},{"y":880,"frameX":0,"frameHeight":291,"frameY":0,"width":273,"frameWidth":275,"height":291,"name":"bear0007","x":277},{"y":1466,"frameX":0,"frameHeight":291,"frameY":0,"width":272,"frameWidth":275,"height":291,"name":"bear0071","x":552},{"y":587,"frameX":0,"frameHeight":291,"frameY":0,"width":262,"frameWidth":275,"height":291,"name":"bear0051","x":2704},{"width":275,"y":294,"height":291,"name":"bear0006","x":1},{"y":1173,"frameX":0,"frameHeight":291,"frameY":0,"width":272,"frameWidth":275,"height":291,"name":"bear0041","x":552},{"y":587,"frameX":0,"frameHeight":291,"frameY":0,"width":270,"frameWidth":275,"height":291,"name":"bear0004","x":827},{"y":587,"frameX":0,"frameHeight":291,"frameY":0,"width":273,"frameWidth":275,"height":291,"name":"bear0059","x":278},{"y":587,"frameX":0,"frameHeight":291,"frameY":0,"width":267,"frameWidth":275,"height":291,"name":"bear0039","x":1639},{"y":587,"frameX":0,"frameHeight":291,"frameY":0,"width":269,"frameWidth":275,"height":291,"name":"bear0018","x":1099},{"y":1173,"frameX":0,"frameHeight":291,"frameY":0,"width":267,"frameWidth":275,"height":291,"name":"bear0019","x":1369},{"y":1173,"frameX":0,"frameHeight":291,"frameY":0,"width":269,"frameWidth":275,"height":291,"name":"bear0014","x":1098},{"y":1,"frameX":0,"frameHeight":291,"frameY":0,"width":267,"frameWidth":275,"height":291,"name":"bear0063","x":1370},{"y":880,"frameX":0,"frameHeight":291,"frameY":0,"width":264,"frameWidth":275,"height":291,"name":"bear0074","x":2173},{"y":1173,"frameX":0,"frameHeight":291,"frameY":0,"width":267,"frameWidth":275,"height":291,"name":"bear0073","x":1638},{"y":880,"frameX":0,"frameHeight":291,"frameY":0,"width":270,"frameWidth":275,"height":291,"name":"bear0030","x":826},{"y":880,"frameX":0,"frameHeight":291,"frameY":0,"width":267,"frameWidth":275,"height":291,"name":"bear0003","x":1638},{"y":880,"frameX":0,"frameHeight":291,"frameY":0,"width":262,"frameWidth":275,"height":291,"name":"bear0053","x":2967},{"y":1,"frameX":0,"frameHeight":291,"frameY":0,"width":264,"frameWidth":275,"height":291,"name":"bear0066","x":2174},{"y":880,"frameX":0,"frameHeight":291,"frameY":0,"width":264,"frameWidth":275,"height":291,"name":"bear0046","x":1907},{"y":1466,"frameX":0,"frameHeight":291,"frameY":0,"width":270,"frameWidth":275,"height":291,"name":"bear0062","x":826},{"y":1,"frameX":0,"frameHeight":291,"frameY":0,"width":267,"frameWidth":275,"height":291,"name":"bear0045","x":1639},{"y":1173,"frameX":0,"frameHeight":291,"frameY":0,"width":264,"frameWidth":275,"height":291,"name":"bear0056","x":1907},{"y":880,"frameX":0,"frameHeight":291,"frameY":0,"width":267,"frameWidth":275,"height":291,"name":"bear0067","x":1369},{"y":294,"frameX":0,"frameHeight":291,"frameY":0,"width":264,"frameWidth":275,"height":291,"name":"bear0036","x":2174},{"y":294,"frameX":0,"frameHeight":291,"frameY":0,"width":262,"frameWidth":275,"height":291,"name":"bear0027","x":2968},{"y":1466,"frameX":0,"frameHeight":291,"frameY":0,"width":262,"frameWidth":275,"height":291,"name":"bear0050","x":2703},{"y":880,"frameX":0,"frameHeight":291,"frameY":0,"width":262,"frameWidth":275,"height":291,"name":"bear0026","x":3495},{"y":1466,"frameX":0,"frameHeight":291,"frameY":0,"width":264,"frameWidth":275,"height":291,"name":"bear0020","x":2173},{"y":294,"frameX":0,"frameHeight":291,"frameY":0,"width":264,"frameWidth":275,"height":291,"name":"bear0038","x":1908},{"y":1,"frameX":0,"frameHeight":291,"frameY":0,"width":264,"frameWidth":275,"height":291,"name":"bear0012","x":1908},{"y":294,"frameX":0,"frameHeight":291,"frameY":0,"width":269,"frameWidth":275,"height":291,"name":"bear0072","x":1099},{"y":1173,"frameX":0,"frameHeight":291,"frameY":0,"width":262,"frameWidth":275,"height":291,"name":"bear0048","x":2967},{"y":294,"frameX":0,"frameHeight":291,"frameY":0,"width":262,"frameWidth":275,"height":291,"name":"bear0023","x":2704},{"y":1466,"frameX":0,"frameHeight":291,"frameY":0,"width":267,"frameWidth":275,"height":291,"name":"bear0035","x":1638},{"y":587,"frameX":0,"frameHeight":291,"frameY":0,"width":264,"frameWidth":275,"height":291,"name":"bear0002","x":1908},{"y":1466,"frameX":0,"frameHeight":291,"frameY":0,"width":262,"frameWidth":275,"height":291,"name":"bear0047","x":2439},{"y":1466,"frameX":0,"frameHeight":291,"frameY":0,"width":264,"frameWidth":275,"height":291,"name":"bear0010","x":1907},{"y":1,"frameX":0,"frameHeight":291,"frameY":0,"width":273,"frameWidth":275,"height":291,"name":"bear0005","x":278},{"y":1,"frameX":0,"frameHeight":291,"frameY":0,"width":262,"frameWidth":275,"height":291,"name":"bear0049","x":2968},{"y":1,"frameX":0,"frameHeight":291,"frameY":0,"width":270,"frameWidth":275,"height":291,"name":"bear0008","x":827},{"y":587,"frameX":0,"frameHeight":291,"frameY":0,"width":264,"frameWidth":275,"height":291,"name":"bear0064","x":2174},{"y":294,"frameX":0,"frameHeight":291,"frameY":0,"width":267,"frameWidth":275,"height":291,"name":"bear0009","x":1370},{"y":587,"frameX":0,"frameHeight":291,"frameY":0,"width":262,"frameWidth":275,"height":291,"name":"bear0011","x":2968},{"width":275,"y":587,"height":291,"name":"bear0032","x":1},{"y":880,"frameX":0,"frameHeight":291,"frameY":0,"width":262,"frameWidth":275,"height":291,"name":"bear0001","x":2439},{"y":880,"frameX":0,"frameHeight":291,"frameY":0,"width":274,"frameWidth":275,"height":291,"name":"bear0016","x":1},{"y":1466,"frameX":0,"frameHeight":291,"frameY":0,"width":274,"frameWidth":275,"height":291,"name":"bear0070","x":1},{"y":880,"frameX":0,"frameHeight":291,"frameY":0,"width":272,"frameWidth":275,"height":291,"name":"bear0017","x":552},{"y":587,"frameX":0,"frameHeight":291,"frameY":0,"width":262,"frameWidth":275,"height":291,"name":"bear0075","x":2440},{"y":1466,"frameX":0,"frameHeight":291,"frameY":0,"width":273,"frameWidth":275,"height":291,"name":"bear0033","x":277},{"y":1173,"frameX":0,"frameHeight":291,"frameY":0,"width":262,"frameWidth":275,"height":291,"name":"bear0055","x":2439},{"y":1466,"frameX":0,"frameHeight":291,"frameY":0,"width":267,"frameWidth":275,"height":291,"name":"bear0029","x":1369},{"y":294,"frameX":0,"frameHeight":291,"frameY":0,"width":273,"frameWidth":275,"height":291,"name":"bear0061","x":278},{"y":1,"frameX":0,"frameHeight":291,"frameY":0,"width":262,"frameWidth":275,"height":291,"name":"bear0052","x":2704},{"y":1466,"frameX":0,"frameHeight":291,"frameY":0,"width":262,"frameWidth":275,"height":291,"name":"bear0065","x":2967},{"y":1173,"frameX":0,"frameHeight":291,"frameY":0,"width":274,"frameWidth":275,"height":291,"name":"bear0042","x":1},{"y":1466,"frameX":0,"frameHeight":291,"frameY":0,"width":269,"frameWidth":275,"height":291,"name":"bear0040","x":1098},{"y":1,"frameX":0,"frameHeight":291,"frameY":0,"width":272,"frameWidth":275,"height":291,"name":"bear0069","x":553},{"y":880,"frameX":0,"frameHeight":291,"frameY":0,"width":262,"frameWidth":275,"height":291,"name":"bear0021","x":3231}]}