{"frameRate":24,"name":"bear","version":"5.5","compatibleVersion":"5.5","armature":[{"type":"Sheet","frameRate":16,"name":"bear","aabb":{"x":-137.5,"y":-145.5,"width":275,"height":291},"bone":[{"name":"root"}],"slot":[{"displayIndex":66,"name":"sheetSlot","parent":"root"}],"skin":[{"slot":[{"name":"sheetSlot","display":[{"name":"bear0001"},{"name":"bear0002"},{"name":"bear0003"},{"name":"bear0004"},{"name":"bear0005"},{"name":"bear0006"},{"name":"bear0007"},{"name":"bear0008"},{"name":"bear0009"},{"name":"bear0010"},{"name":"bear0011"},{"name":"bear0012"},{"name":"bear0013"},{"name":"bear0014"},{"name":"bear0015"},{"name":"bear0016"},{"name":"bear0017"},{"name":"bear0018"},{"name":"bear0019"},{"name":"bear0020"},{"name":"bear0021"},{"name":"bear0022"},{"name":"bear0023"},{"name":"bear0024"},{"name":"bear0025"},{"name":"bear0026"},{"name":"bear0027"},{"name":"bear0028"},{"name":"bear0029"},{"name":"bear0030"},{"name":"bear0031"},{"name":"bear0032"},{"name":"bear0033"},{"name":"bear0034"},{"name":"bear0035"},{"name":"bear0036"},{"name":"bear0037"},{"name":"bear0038"},{"name":"bear0039"},{"name":"bear0040"},{"name":"bear0041"},{"name":"bear0042"},{"name":"bear0043"},{"name":"bear0044"},{"name":"bear0045"},{"name":"bear0046"},{"name":"bear0047"},{"name":"bear0048"},{"name":"bear0049"},{"name":"bear0050"},{"name":"bear0051"},{"name":"bear0052"},{"name":"bear0053"},{"name":"bear0054"},{"name":"bear0055"},{"name":"bear0056"},{"name":"bear0057"},{"name":"bear0058"},{"name":"bear0059"},{"name":"bear0060"},{"name":"bear0061"},{"name":"bear0062"},{"name":"bear0063"},{"name":"bear0064"},{"name":"bear0065"},{"name":"bear0066"},{"name":"bear0067"},{"name":"bear0068"},{"name":"bear0069"},{"name":"bear0070"},{"name":"bear0071"},{"name":"bear0072"},{"name":"bear0073"},{"name":"bear0074"},{"name":"bear0075"}]}]}],"animation":[{"duration":75,"playTimes":0,"name":"bear","slot":[{"name":"sheetSlot","displayFrame":[{},{"value":1},{"value":2},{"value":3},{"value":4},{"value":5},{"value":6},{"value":7},{"value":8},{"value":9},{"value":10},{"value":11},{"value":12},{"value":13},{"value":14},{"value":15},{"value":16},{"value":17},{"value":18},{"value":19},{"value":20},{"value":21},{"value":22},{"value":23},{"value":24},{"value":25},{"value":26},{"value":27},{"value":28},{"value":29},{"value":30},{"value":31},{"value":32},{"value":33},{"value":34},{"value":35},{"value":36},{"value":37},{"value":38},{"value":39},{"value":40},{"value":41},{"value":42},{"value":43},{"value":44},{"value":45},{"value":46},{"value":47},{"value":48},{"value":49},{"value":50},{"value":51},{"value":52},{"value":53},{"value":54},{"value":55},{"value":56},{"value":57},{"value":58},{"value":59},{"value":60},{"value":61},{"value":62},{"value":63},{"value":64},{"value":65},{"value":66},{"value":67},{"value":68},{"value":69},{"value":70},{"value":71},{"value":72},{"value":73},{"value":74}]}]}],"defaultActions":[{"gotoAndPlay":"bear"}]}]}