{"width":4096,"imagePath":"caodi_tex.png","height":4096,"name":"caodi","SubTexture":[{"y":753,"frameX":0,"frameHeight":249,"frameY":-3,"width":672,"frameWidth":672,"height":247,"name":"caodi0044","x":2697},{"y":1252,"frameX":0,"frameHeight":249,"frameY":-3,"width":672,"frameWidth":672,"height":246,"name":"caodi0016","x":675},{"y":503,"frameX":0,"frameHeight":249,"frameY":-2,"width":672,"frameWidth":672,"height":248,"name":"caodi0010","x":675},{"width":672,"y":1,"height":249,"name":"caodi0003","x":3371},{"y":1500,"frameX":0,"frameHeight":249,"frameY":-5,"width":672,"frameWidth":672,"height":245,"name":"caodi0023","x":1349},{"y":1995,"frameX":0,"frameHeight":249,"frameY":-4,"width":672,"frameWidth":672,"height":245,"name":"caodi0021","x":1},{"y":2240,"frameX":0,"frameHeight":249,"frameY":-6,"width":672,"frameWidth":672,"height":244,"name":"caodi0030","x":2023},{"y":502,"frameX":0,"frameHeight":249,"frameY":-2,"width":672,"frameWidth":672,"height":248,"name":"caodi0008","x":3371},{"y":2240,"frameX":0,"frameHeight":249,"frameY":-6,"width":672,"frameWidth":672,"height":244,"name":"caodi0029","x":2697},{"y":1500,"frameX":0,"frameHeight":249,"frameY":-4,"width":672,"frameWidth":672,"height":246,"name":"caodi0020","x":1},{"y":1499,"frameX":0,"frameHeight":249,"frameY":-4,"width":672,"frameWidth":672,"height":246,"name":"caodi0018","x":3371},{"y":1499,"frameX":0,"frameHeight":249,"frameY":-3,"width":672,"frameWidth":672,"height":246,"name":"caodi0017","x":2697},{"y":1994,"frameX":0,"frameHeight":249,"frameY":-5,"width":672,"frameWidth":672,"height":244,"name":"caodi0025","x":2697},{"y":1003,"frameX":0,"frameHeight":249,"frameY":-3,"width":672,"frameWidth":672,"height":247,"name":"caodi0015","x":1},{"y":1002,"frameX":0,"frameHeight":249,"frameY":-2,"width":672,"frameWidth":672,"height":247,"name":"caodi0047","x":3371},{"y":1747,"frameX":0,"frameHeight":249,"frameY":-5,"width":672,"frameWidth":672,"height":245,"name":"caodi0034","x":3371},{"y":753,"frameX":0,"frameHeight":249,"frameY":-1,"width":672,"frameWidth":672,"height":248,"name":"caodi0053","x":675},{"y":1251,"frameX":0,"frameHeight":249,"frameY":-4,"width":672,"frameWidth":672,"height":246,"name":"caodi0039","x":2697},{"y":1994,"frameX":0,"frameHeight":249,"frameY":-4,"width":672,"frameWidth":672,"height":245,"name":"caodi0022","x":1349},{"y":2242,"frameX":0,"frameHeight":249,"frameY":-5,"width":672,"frameWidth":672,"height":244,"name":"caodi0027","x":1},{"y":1748,"frameX":0,"frameHeight":249,"frameY":-4,"width":672,"frameWidth":672,"height":245,"name":"caodi0038","x":675},{"y":753,"frameX":0,"frameHeight":249,"frameY":-3,"width":672,"frameWidth":672,"height":247,"name":"caodi0014","x":1349},{"y":1002,"frameX":0,"frameHeight":249,"frameY":-2,"width":672,"frameWidth":672,"height":247,"name":"caodi0012","x":1349},{"width":672,"y":252,"height":249,"name":"caodi0057","x":1},{"y":252,"frameX":0,"frameHeight":249,"frameY":-2,"width":672,"frameWidth":672,"height":248,"name":"caodi0009","x":3371},{"y":752,"frameX":0,"frameHeight":249,"frameY":-1,"width":672,"frameWidth":672,"height":248,"name":"caodi0052","x":3371},{"y":252,"frameX":0,"frameHeight":249,"frameY":-1,"width":672,"frameWidth":672,"height":249,"name":"caodi0005","x":675},{"y":252,"frameX":0,"frameHeight":249,"frameY":-1,"width":672,"frameWidth":672,"height":249,"name":"caodi0004","x":2023},{"y":503,"frameX":0,"frameHeight":249,"frameY":-1,"width":672,"frameWidth":672,"height":248,"name":"caodi0006","x":1349},{"y":1,"frameX":0,"frameHeight":249,"frameY":-1,"width":672,"frameWidth":672,"height":249,"name":"caodi0054","x":2023},{"y":753,"frameX":0,"frameHeight":249,"frameY":-2,"width":672,"frameWidth":672,"height":248,"name":"caodi0049","x":1},{"y":2241,"frameX":0,"frameHeight":249,"frameY":-6,"width":672,"frameWidth":672,"height":244,"name":"caodi0028","x":1349},{"y":1747,"frameX":0,"frameHeight":249,"frameY":-5,"width":672,"frameWidth":672,"height":245,"name":"caodi0035","x":2697},{"y":503,"frameX":0,"frameHeight":249,"frameY":-2,"width":672,"frameWidth":672,"height":248,"name":"caodi0050","x":2023},{"y":1994,"frameX":0,"frameHeight":249,"frameY":-5,"width":672,"frameWidth":672,"height":244,"name":"caodi0033","x":2023},{"y":1251,"frameX":0,"frameHeight":249,"frameY":-4,"width":672,"frameWidth":672,"height":246,"name":"caodi0019","x":2023},{"y":1,"frameX":0,"frameHeight":249,"frameY":-1,"width":672,"frameWidth":672,"height":249,"name":"caodi0056","x":1349},{"y":1500,"frameX":0,"frameHeight":249,"frameY":-4,"width":672,"frameWidth":672,"height":246,"name":"caodi0040","x":675},{"y":1499,"frameX":0,"frameHeight":249,"frameY":-3,"width":672,"frameWidth":672,"height":246,"name":"caodi0041","x":2023},{"y":503,"frameX":0,"frameHeight":249,"frameY":-2,"width":672,"frameWidth":672,"height":248,"name":"caodi0051","x":1},{"y":1747,"frameX":0,"frameHeight":249,"frameY":-4,"width":672,"frameWidth":672,"height":245,"name":"caodi0037","x":1349},{"y":1747,"frameX":0,"frameHeight":249,"frameY":-5,"width":672,"frameWidth":672,"height":245,"name":"caodi0024","x":2023},{"width":672,"y":252,"height":249,"name":"caodi0059","x":2697},{"width":672,"y":252,"height":249,"name":"caodi0002","x":1349},{"y":1002,"frameX":0,"frameHeight":249,"frameY":-3,"width":672,"frameWidth":672,"height":247,"name":"caodi0045","x":2697},{"y":1251,"frameX":0,"frameHeight":249,"frameY":-2,"width":672,"frameWidth":672,"height":247,"name":"caodi0048","x":1349},{"y":1003,"frameX":0,"frameHeight":249,"frameY":-3,"width":672,"frameWidth":672,"height":247,"name":"caodi0013","x":675},{"width":672,"y":1,"height":249,"name":"caodi0058","x":2697},{"y":1748,"frameX":0,"frameHeight":249,"frameY":-4,"width":672,"frameWidth":672,"height":245,"name":"caodi0036","x":1},{"y":1,"frameX":0,"frameHeight":249,"frameY":-1,"width":672,"frameWidth":672,"height":249,"name":"caodi0055","x":675},{"y":1995,"frameX":0,"frameHeight":249,"frameY":-5,"width":672,"frameWidth":672,"height":244,"name":"caodi0026","x":675},{"width":672,"y":1,"height":249,"name":"caodi0001","x":1},{"y":1994,"frameX":0,"frameHeight":249,"frameY":-5,"width":672,"frameWidth":672,"height":244,"name":"caodi0032","x":3371},{"y":1251,"frameX":0,"frameHeight":249,"frameY":-3,"width":672,"frameWidth":672,"height":246,"name":"caodi0042","x":3371},{"y":2241,"frameX":0,"frameHeight":249,"frameY":-5,"width":672,"frameWidth":672,"height":244,"name":"caodi0031","x":675},{"y":1252,"frameX":0,"frameHeight":249,"frameY":-3,"width":672,"frameWidth":672,"height":246,"name":"caodi0043","x":1},{"y":1002,"frameX":0,"frameHeight":249,"frameY":-2,"width":672,"frameWidth":672,"height":247,"name":"caodi0011","x":2023},{"y":503,"frameX":0,"frameHeight":249,"frameY":-1,"width":672,"frameWidth":672,"height":248,"name":"caodi0007","x":2697},{"y":753,"frameX":0,"frameHeight":249,"frameY":-3,"width":672,"frameWidth":672,"height":247,"name":"caodi0046","x":2023}]}