{"frameRate":24,"name":"caodi","version":"5.5","compatibleVersion":"5.5","armature":[{"type":"Sheet","frameRate":24,"name":"caodi","aabb":{"x":-336,"y":-124.5,"width":672,"height":249},"bone":[{"name":"root"}],"slot":[{"displayIndex":26,"name":"sheetSlot","parent":"root"}],"skin":[{"slot":[{"name":"sheetSlot","display":[{"name":"caodi0001"},{"name":"caodi0002"},{"name":"caodi0003"},{"name":"caodi0004"},{"name":"caodi0005"},{"name":"caodi0006"},{"name":"caodi0007"},{"name":"caodi0008"},{"name":"caodi0009"},{"name":"caodi0010"},{"name":"caodi0011"},{"name":"caodi0012"},{"name":"caodi0013"},{"name":"caodi0014"},{"name":"caodi0015"},{"name":"caodi0016"},{"name":"caodi0017"},{"name":"caodi0018"},{"name":"caodi0019"},{"name":"caodi0020"},{"name":"caodi0021"},{"name":"caodi0022"},{"name":"caodi0023"},{"name":"caodi0024"},{"name":"caodi0025"},{"name":"caodi0026"},{"name":"caodi0027"},{"name":"caodi0028"},{"name":"caodi0029"},{"name":"caodi0030"},{"name":"caodi0031"},{"name":"caodi0032"},{"name":"caodi0033"},{"name":"caodi0034"},{"name":"caodi0035"},{"name":"caodi0036"},{"name":"caodi0037"},{"name":"caodi0038"},{"name":"caodi0039"},{"name":"caodi0040"},{"name":"caodi0041"},{"name":"caodi0042"},{"name":"caodi0043"},{"name":"caodi0044"},{"name":"caodi0045"},{"name":"caodi0046"},{"name":"caodi0047"},{"name":"caodi0048"},{"name":"caodi0049"},{"name":"caodi0050"},{"name":"caodi0051"},{"name":"caodi0052"},{"name":"caodi0053"},{"name":"caodi0054"},{"name":"caodi0055"},{"name":"caodi0056"},{"name":"caodi0057"},{"name":"caodi0058"},{"name":"caodi0059"}]}]}],"animation":[{"duration":59,"playTimes":0,"name":"caodi","slot":[{"name":"sheetSlot","displayFrame":[{},{"value":1},{"value":2},{"value":3},{"value":4},{"value":5},{"value":6},{"value":7},{"value":8},{"value":9},{"value":10},{"value":11},{"value":12},{"value":13},{"value":14},{"value":15},{"value":16},{"value":17},{"value":18},{"value":19},{"value":20},{"value":21},{"value":22},{"value":23},{"value":24},{"value":25},{"value":26},{"value":27},{"value":28},{"value":29},{"value":30},{"value":31},{"value":32},{"value":33},{"value":34},{"value":35},{"value":36},{"value":37},{"value":38},{"value":39},{"value":40},{"value":41},{"value":42},{"value":43},{"value":44},{"value":45},{"value":46},{"value":47},{"value":48},{"value":49},{"value":50},{"value":51},{"value":52},{"value":53},{"value":54},{"value":55},{"value":56},{"value":57},{"value":58}]}]}],"defaultActions":[{"gotoAndPlay":"caodi"}]}]}