{"frameRate":24,"name":"mogu","version":"5.5","compatibleVersion":"5.5","armature":[{"type":"Sheet","frameRate":24,"name":"mogu","aabb":{"x":-85,"y":-71.25,"width":170,"height":142.5},"bone":[{"name":"root"}],"slot":[{"displayIndex":13,"name":"sheetSlot","parent":"root"}],"skin":[{"slot":[{"name":"sheetSlot","display":[{"name":"mogu0015"},{"name":"mogu0016"},{"name":"mogu0017"},{"name":"mogu0018"},{"name":"mogu0019"},{"name":"mogu0020"},{"name":"mogu0021"},{"name":"mogu0022"},{"name":"mogu0023"},{"name":"mogu0024"},{"name":"mogu0025"},{"name":"mogu0026"},{"name":"mogu0027"},{"name":"mogu0028"},{"name":"mogu0029"},{"name":"mogu0030"},{"name":"mogu0031"},{"name":"mogu0032"},{"name":"mogu0033"},{"name":"mogu0034"},{"name":"mogu0035"},{"name":"mogu0036"},{"name":"mogu0037"},{"name":"mogu0038"},{"name":"mogu0039"},{"name":"mogu0040"},{"name":"mogu0041"},{"name":"mogu0042"},{"name":"mogu0001"},{"name":"mogu0002"},{"name":"mogu0003"},{"name":"mogu0004"},{"name":"mogu0005"},{"name":"mogu0006"},{"name":"mogu0007"},{"name":"mogu0008"},{"name":"mogu0009"},{"name":"mogu0010"},{"name":"mogu0011"},{"name":"mogu0012"},{"name":"mogu0013"},{"name":"mogu0014"}]}]}],"animation":[{"duration":42,"playTimes":0,"name":"mogu","slot":[{"name":"sheetSlot","displayFrame":[{},{"value":1},{"value":2},{"value":3},{"value":4},{"value":5},{"value":6},{"value":7},{"value":8},{"value":9},{"value":10},{"value":11},{"value":12},{"value":13},{"value":14},{"value":15},{"value":16},{"value":17},{"value":18},{"value":19},{"value":20},{"value":21},{"value":22},{"value":23},{"value":24},{"value":25},{"value":26},{"value":27},{"value":28},{"value":29},{"value":30},{"value":31},{"value":32},{"value":33},{"value":34},{"value":35},{"value":36},{"value":37},{"value":38},{"value":39},{"value":40},{"value":41}]}]}],"defaultActions":[{"gotoAndPlay":"mogu"}]}]}