{"width":1024,"imagePath":"mogu_tex.png","height":2048,"name":"mogu","SubTexture":[{"y":1007,"frameX":-4,"frameHeight":143,"frameY":-10,"width":167,"frameWidth":170,"height":133,"name":"mogu0011","x":170},{"width":170,"y":291,"height":143,"name":"mogu0014","x":173},{"width":170,"y":436,"height":143,"name":"mogu0040","x":1},{"width":170,"y":581,"height":143,"name":"mogu0022","x":173},{"y":1009,"frameX":-4,"frameHeight":143,"frameY":-12,"width":167,"frameWidth":170,"height":131,"name":"mogu0016","x":1},{"width":170,"y":581,"height":143,"name":"mogu0037","x":689},{"width":170,"y":146,"height":143,"name":"mogu0038","x":1},{"width":170,"y":146,"height":143,"name":"mogu0031","x":689},{"width":170,"y":291,"height":143,"name":"mogu0003","x":1},{"width":170,"y":581,"height":143,"name":"mogu0006","x":345},{"width":170,"y":1,"height":143,"name":"mogu0036","x":345},{"width":170,"y":726,"height":143,"name":"mogu0002","x":1},{"width":170,"y":146,"height":143,"name":"mogu0018","x":517},{"width":170,"y":1,"height":143,"name":"mogu0005","x":689},{"y":726,"frameX":-1,"frameHeight":143,"frameY":-1,"width":169,"frameWidth":170,"height":142,"name":"mogu0025","x":516},{"width":170,"y":726,"height":143,"name":"mogu0030","x":173},{"y":1012,"frameX":-3,"frameHeight":143,"frameY":-5,"width":167,"frameWidth":170,"height":138,"name":"mogu0008","x":684},{"width":170,"y":1,"height":143,"name":"mogu0001","x":1},{"width":170,"y":436,"height":143,"name":"mogu0007","x":173},{"y":1012,"frameX":-4,"frameHeight":143,"frameY":-6,"width":167,"frameWidth":170,"height":137,"name":"mogu0017","x":853},{"y":870,"frameX":-2,"frameHeight":143,"frameY":-2,"width":168,"frameWidth":170,"height":141,"name":"mogu0024","x":345},{"y":726,"frameX":-2,"frameHeight":143,"frameY":-2,"width":169,"frameWidth":170,"height":141,"name":"mogu0021","x":687},{"width":170,"y":1,"height":143,"name":"mogu0042","x":173},{"width":170,"y":291,"height":143,"name":"mogu0035","x":345},{"y":1151,"frameX":-4,"frameHeight":143,"frameY":-6,"width":167,"frameWidth":170,"height":137,"name":"mogu0015","x":853},{"y":1013,"frameX":-4,"frameHeight":143,"frameY":-13,"width":167,"frameWidth":170,"height":130,"name":"mogu0010","x":339},{"width":170,"y":581,"height":143,"name":"mogu0039","x":1},{"y":1011,"frameX":-4,"frameHeight":143,"frameY":-4,"width":167,"frameWidth":170,"height":139,"name":"mogu0020","x":515},{"y":871,"frameX":-4,"frameHeight":143,"frameY":-9,"width":167,"frameWidth":170,"height":134,"name":"mogu0009","x":170},{"width":170,"y":146,"height":143,"name":"mogu0027","x":173},{"width":170,"y":146,"height":143,"name":"mogu0004","x":345},{"width":170,"y":436,"height":143,"name":"mogu0029","x":517},{"width":170,"y":291,"height":143,"name":"mogu0033","x":689},{"width":170,"y":436,"height":143,"name":"mogu0028","x":689},{"width":170,"y":1,"height":143,"name":"mogu0041","x":517},{"y":869,"frameX":-2,"frameHeight":143,"frameY":-2,"width":169,"frameWidth":170,"height":141,"name":"mogu0019","x":687},{"y":870,"frameX":-3,"frameHeight":143,"frameY":-4,"width":168,"frameWidth":170,"height":139,"name":"mogu0013","x":515},{"width":170,"y":291,"height":143,"name":"mogu0032","x":517},{"width":170,"y":436,"height":143,"name":"mogu0026","x":345},{"y":726,"frameX":-1,"frameHeight":143,"frameY":-1,"width":169,"frameWidth":170,"height":142,"name":"mogu0023","x":345},{"width":170,"y":581,"height":143,"name":"mogu0034","x":517},{"y":871,"frameX":-4,"frameHeight":143,"frameY":-7,"width":167,"frameWidth":170,"height":136,"name":"mogu0012","x":1}]}