{"width":2048,"SubTexture":[{"y":241,"frameY":-21,"frameWidth":336,"width":182,"frameX":-60,"frameHeight":266,"height":243,"name":"yanggao0010","x":1},{"y":458,"frameY":-48,"frameWidth":336,"width":191,"frameX":-121,"frameHeight":266,"height":218,"name":"yanggao0002","x":728},{"y":241,"frameY":-24,"frameWidth":336,"width":181,"frameX":-70,"frameHeight":266,"height":241,"name":"yanggao0022","x":185},{"y":719,"frameY":-16,"frameWidth":336,"width":176,"frameX":-115,"frameHeight":266,"height":248,"name":"yanggao0027","x":1},{"y":699,"frameY":-48,"frameWidth":336,"width":188,"frameX":-11,"frameHeight":266,"height":218,"name":"yanggao0014","x":1446},{"y":1,"frameY":-41,"frameWidth":336,"width":193,"frameX":-20,"frameHeight":266,"height":225,"name":"yanggao0013","x":192},{"y":1,"frameY":-39,"frameWidth":336,"width":188,"frameX":-132,"frameHeight":266,"height":227,"name":"yanggao0030","x":553},{"y":699,"frameY":-7,"frameWidth":336,"width":160,"frameX":-93,"frameHeight":266,"height":256,"name":"yanggao0008","x":1636},{"y":214,"frameY":-55,"frameWidth":336,"width":189,"frameX":-29,"frameHeight":266,"height":211,"name":"yanggao0018","x":935},{"y":1,"frameY":-27,"frameWidth":336,"width":189,"frameX":-47,"frameHeight":266,"height":238,"name":"yanggao0011","x":1},{"y":427,"frameY":-55,"frameWidth":336,"width":190,"frameX":-146,"frameHeight":266,"height":211,"name":"yanggao0033","x":1113},{"y":467,"frameY":-32,"frameWidth":336,"width":186,"frameX":-124,"frameHeight":266,"height":233,"name":"yanggao0029","x":540},{"y":719,"frameY":-24,"frameWidth":336,"width":181,"frameX":-120,"frameHeight":266,"height":241,"name":"yanggao0028","x":179},{"y":702,"frameY":-35,"frameWidth":336,"width":187,"frameX":-110,"frameHeight":266,"height":230,"name":"yanggao0004","x":724},{"y":1,"frameY":-47,"frameWidth":336,"width":191,"frameX":-35,"frameHeight":266,"height":219,"name":"yanggao0019","x":1787},{"y":702,"frameY":-9,"frameWidth":336,"width":168,"frameX":-113,"frameHeight":266,"height":255,"name":"yanggao0026","x":1276},{"y":733,"frameY":-32,"frameWidth":336,"width":186,"frameX":-57,"frameHeight":266,"height":233,"name":"yanggao0021","x":362},{"y":214,"frameY":-55,"frameWidth":336,"width":184,"frameX":0,"frameHeight":266,"height":211,"name":"yanggao0015","x":1126},{"y":702,"frameY":-9,"frameWidth":336,"width":168,"frameX":-96,"frameHeight":266,"height":255,"name":"yanggao0024","x":1106},{"y":228,"frameY":-28,"frameWidth":336,"width":183,"frameX":-104,"frameHeight":266,"height":237,"name":"yanggao0005","x":368},{"y":230,"frameY":-40,"frameWidth":336,"width":188,"frameX":-48,"frameHeight":266,"height":226,"name":"yanggao0020","x":553},{"y":486,"frameY":-34,"frameWidth":336,"width":191,"frameX":-34,"frameHeight":266,"height":231,"name":"yanggao0012","x":1},{"y":214,"frameY":-55,"frameWidth":336,"width":190,"frameX":-146,"frameHeight":266,"height":211,"name":"yanggao0032","x":743},{"y":265,"frameY":-47,"frameWidth":336,"width":190,"frameX":-137,"frameHeight":266,"height":219,"name":"yanggao0031","x":1446},{"y":246,"frameY":-14,"frameWidth":336,"width":168,"frameX":-97,"frameHeight":266,"height":250,"name":"yanggao0007","x":1787},{"y":486,"frameY":-55,"frameWidth":336,"width":197,"frameX":0,"frameHeight":266,"height":211,"name":"yanggao0017","x":1446},{"y":1,"frameY":-21,"frameWidth":336,"width":176,"frameX":-101,"frameHeight":266,"height":243,"name":"yanggao0006","x":1446},{"y":699,"frameY":-55,"frameWidth":336,"width":192,"frameX":-126,"frameHeight":266,"height":211,"name":"yanggao0001","x":1798},{"y":1,"frameY":-55,"frameWidth":336,"width":190,"frameX":-146,"frameHeight":266,"height":211,"name":"yanggao0034","x":743},{"y":702,"frameY":-14,"frameWidth":336,"width":172,"frameX":-77,"frameHeight":266,"height":250,"name":"yanggao0009","x":550},{"y":1,"frameY":-55,"frameWidth":336,"width":190,"frameX":-146,"frameHeight":266,"height":211,"name":"yanggao0035","x":935},{"y":1,"frameY":-1,"frameWidth":336,"width":161,"frameX":-110,"frameHeight":266,"height":262,"name":"yanggao0025","x":1624},{"y":484,"frameY":-17,"frameWidth":336,"width":176,"frameX":-81,"frameHeight":266,"height":247,"name":"yanggao0023","x":362},{"y":702,"frameY":-41,"frameWidth":336,"width":191,"frameX":-114,"frameHeight":266,"height":225,"name":"yanggao0003","x":913},{"y":427,"frameY":-55,"frameWidth":336,"width":190,"frameX":0,"frameHeight":266,"height":211,"name":"yanggao0016","x":921}],"height":1024,"name":"yanggao","imagePath":"yanggao_tex.png"}