{"frameRate":24,"name":"yanggao","version":"5.5","compatibleVersion":"5.5","armature":[{"type":"Sheet","frameRate":24,"name":"yanggao","aabb":{"x":-168,"y":-133,"width":336,"height":266},"bone":[{"name":"root"}],"slot":[{"displayIndex":7,"name":"sheetSlot","parent":"root"}],"skin":[{"slot":[{"name":"sheetSlot","display":[{"name":"yanggao0017"},{"name":"yanggao0018"},{"name":"yanggao0019"},{"name":"yanggao0020"},{"name":"yanggao0021"},{"name":"yanggao0022"},{"name":"yanggao0023"},{"name":"yanggao0024"},{"name":"yanggao0025"},{"name":"yanggao0026"},{"name":"yanggao0027"},{"name":"yanggao0028"},{"name":"yanggao0029"},{"name":"yanggao0030"},{"name":"yanggao0031"},{"name":"yanggao0032"},{"name":"yanggao0033"},{"name":"yanggao0034"},{"name":"yanggao0035"},{"name":"yanggao0001"},{"name":"yanggao0002"},{"name":"yanggao0003"},{"name":"yanggao0004"},{"name":"yanggao0005"},{"name":"yanggao0006"},{"name":"yanggao0007"},{"name":"yanggao0008"},{"name":"yanggao0009"},{"name":"yanggao0010"},{"name":"yanggao0011"},{"name":"yanggao0012"},{"name":"yanggao0013"},{"name":"yanggao0014"},{"name":"yanggao0015"},{"name":"yanggao0016"}]}]}],"animation":[{"duration":35,"playTimes":0,"name":"yanggao","slot":[{"name":"sheetSlot","displayFrame":[{},{"value":1},{"value":2},{"value":3},{"value":4},{"value":5},{"value":6},{"value":7},{"value":8},{"value":9},{"value":10},{"value":11},{"value":12},{"value":13},{"value":14},{"value":15},{"value":16},{"value":17},{"value":18},{"value":19},{"value":20},{"value":21},{"value":22},{"value":23},{"value":24},{"value":25},{"value":26},{"value":27},{"value":28},{"value":29},{"value":30},{"value":31},{"value":32},{"value":33},{"value":34}]}]}],"defaultActions":[{"gotoAndPlay":"yanggao"}]}]}