{"width":2048,"imagePath":"dashu_tex.png","height":4096,"name":"dashu","SubTexture":[{"width":274,"y":3193,"height":264,"name":"dashu0028","x":1},{"width":274,"y":1863,"height":264,"name":"dashu0058","x":1105},{"width":274,"y":1863,"height":264,"name":"dashu0004","x":1381},{"width":274,"y":1597,"height":264,"name":"dashu0027","x":553},{"width":274,"y":799,"height":264,"name":"dashu0022","x":829},{"width":274,"y":1,"height":264,"name":"dashu0007","x":1},{"width":274,"y":533,"height":264,"name":"dashu0025","x":1657},{"width":274,"y":1,"height":264,"name":"dashu0046","x":1657},{"width":274,"y":1,"height":264,"name":"dashu0051","x":277},{"width":274,"y":533,"height":264,"name":"dashu0024","x":829},{"width":274,"y":1,"height":264,"name":"dashu0056","x":553},{"width":274,"y":1597,"height":264,"name":"dashu0048","x":277},{"width":274,"y":1331,"height":264,"name":"dashu0029","x":829},{"width":274,"y":267,"height":264,"name":"dashu0054","x":277},{"width":274,"y":1597,"height":264,"name":"dashu0009","x":1381},{"width":274,"y":267,"height":264,"name":"dashu0047","x":1105},{"width":274,"y":1065,"height":264,"name":"dashu0008","x":1381},{"width":274,"y":1331,"height":264,"name":"dashu0053","x":553},{"width":274,"y":799,"height":264,"name":"dashu0036","x":1105},{"width":274,"y":799,"height":264,"name":"dashu0050","x":1381},{"width":274,"y":1065,"height":264,"name":"dashu0014","x":1},{"width":274,"y":1065,"height":264,"name":"dashu0040","x":277},{"width":274,"y":1331,"height":264,"name":"dashu0010","x":1657},{"width":274,"y":1065,"height":264,"name":"dashu0062","x":1105},{"width":274,"y":267,"height":264,"name":"dashu0052","x":1},{"width":274,"y":533,"height":264,"name":"dashu0001","x":1381},{"width":274,"y":2927,"height":264,"name":"dashu0063","x":1},{"width":274,"y":267,"height":264,"name":"dashu0060","x":1657},{"width":274,"y":533,"height":264,"name":"dashu0059","x":1105},{"width":274,"y":1,"height":264,"name":"dashu0017","x":1381},{"width":274,"y":1331,"height":264,"name":"dashu0021","x":1105},{"width":274,"y":799,"height":264,"name":"dashu0019","x":277},{"width":274,"y":1,"height":264,"name":"dashu0002","x":1105},{"width":274,"y":533,"height":264,"name":"dashu0033","x":277},{"width":274,"y":2129,"height":264,"name":"dashu0039","x":1},{"width":274,"y":1863,"height":264,"name":"dashu0030","x":829},{"width":274,"y":1,"height":264,"name":"dashu0037","x":829},{"width":274,"y":799,"height":264,"name":"dashu0057","x":553},{"width":274,"y":1597,"height":264,"name":"dashu0035","x":1657},{"width":274,"y":1065,"height":264,"name":"dashu0015","x":1657},{"width":274,"y":2661,"height":264,"name":"dashu0011","x":1},{"width":274,"y":1065,"height":264,"name":"dashu0034","x":829},{"width":274,"y":1597,"height":264,"name":"dashu0018","x":1105},{"width":274,"y":1331,"height":264,"name":"dashu0012","x":1381},{"width":274,"y":1597,"height":264,"name":"dashu0031","x":1},{"width":274,"y":1597,"height":264,"name":"dashu0013","x":829},{"width":274,"y":1331,"height":264,"name":"dashu0032","x":1},{"width":274,"y":799,"height":264,"name":"dashu0061","x":1657},{"width":274,"y":267,"height":264,"name":"dashu0003","x":553},{"width":274,"y":1331,"height":264,"name":"dashu0044","x":277},{"width":274,"y":2395,"height":264,"name":"dashu0005","x":1},{"width":274,"y":1863,"height":264,"name":"dashu0023","x":553},{"width":274,"y":799,"height":264,"name":"dashu0041","x":1},{"width":274,"y":1863,"height":264,"name":"dashu0042","x":1657},{"width":274,"y":1863,"height":264,"name":"dashu0026","x":1},{"width":274,"y":267,"height":264,"name":"dashu0045","x":829},{"width":274,"y":267,"height":264,"name":"dashu0038","x":1381},{"width":274,"y":533,"height":264,"name":"dashu0020","x":553},{"width":274,"y":1863,"height":264,"name":"dashu0055","x":277},{"width":274,"y":3459,"height":264,"name":"dashu0016","x":1},{"width":274,"y":3725,"height":264,"name":"dashu0006","x":1},{"width":274,"y":1065,"height":264,"name":"dashu0043","x":553},{"width":274,"y":533,"height":264,"name":"dashu0049","x":1}]}