{"frameRate":24,"name":"dashu","version":"5.5","compatibleVersion":"5.5","armature":[{"type":"Sheet","frameRate":24,"name":"dashu","aabb":{"x":-137,"y":-131.75,"width":274,"height":263.5},"bone":[{"name":"root"}],"slot":[{"displayIndex":53,"name":"sheetSlot","parent":"root"}],"skin":[{"slot":[{"name":"sheetSlot","display":[{"name":"dashu0024"},{"name":"dashu0025"},{"name":"dashu0026"},{"name":"dashu0027"},{"name":"dashu0028"},{"name":"dashu0029"},{"name":"dashu0030"},{"name":"dashu0031"},{"name":"dashu0032"},{"name":"dashu0033"},{"name":"dashu0034"},{"name":"dashu0035"},{"name":"dashu0036"},{"name":"dashu0037"},{"name":"dashu0038"},{"name":"dashu0039"},{"name":"dashu0040"},{"name":"dashu0041"},{"name":"dashu0042"},{"name":"dashu0043"},{"name":"dashu0044"},{"name":"dashu0045"},{"name":"dashu0046"},{"name":"dashu0047"},{"name":"dashu0048"},{"name":"dashu0049"},{"name":"dashu0050"},{"name":"dashu0051"},{"name":"dashu0052"},{"name":"dashu0053"},{"name":"dashu0054"},{"name":"dashu0055"},{"name":"dashu0056"},{"name":"dashu0057"},{"name":"dashu0058"},{"name":"dashu0059"},{"name":"dashu0060"},{"name":"dashu0061"},{"name":"dashu0062"},{"name":"dashu0063"},{"name":"dashu0001"},{"name":"dashu0002"},{"name":"dashu0003"},{"name":"dashu0004"},{"name":"dashu0005"},{"name":"dashu0006"},{"name":"dashu0007"},{"name":"dashu0008"},{"name":"dashu0009"},{"name":"dashu0010"},{"name":"dashu0011"},{"name":"dashu0012"},{"name":"dashu0013"},{"name":"dashu0014"},{"name":"dashu0015"},{"name":"dashu0016"},{"name":"dashu0017"},{"name":"dashu0018"},{"name":"dashu0019"},{"name":"dashu0020"},{"name":"dashu0021"},{"name":"dashu0022"},{"name":"dashu0023"}]}]}],"animation":[{"duration":63,"playTimes":0,"name":"dashu","slot":[{"name":"sheetSlot","displayFrame":[{},{"value":1},{"value":2},{"value":3},{"value":4},{"value":5},{"value":6},{"value":7},{"value":8},{"value":9},{"value":10},{"value":11},{"value":12},{"value":13},{"value":14},{"value":15},{"value":16},{"value":17},{"value":18},{"value":19},{"value":20},{"value":21},{"value":22},{"value":23},{"value":24},{"value":25},{"value":26},{"value":27},{"value":28},{"value":29},{"value":30},{"value":31},{"value":32},{"value":33},{"value":34},{"value":35},{"value":36},{"value":37},{"value":38},{"value":39},{"value":40},{"value":41},{"value":42},{"value":43},{"value":44},{"value":45},{"value":46},{"value":47},{"value":48},{"value":49},{"value":50},{"value":51},{"value":52},{"value":53},{"value":54},{"value":55},{"value":56},{"value":57},{"value":58},{"value":59},{"value":60},{"value":61},{"value":62}]}]}],"defaultActions":[{"gotoAndPlay":"dashu"}]}]}