{"frameRate":24,"name":"do","version":"5.5","compatibleVersion":"5.5","armature":[{"type":"Sheet","frameRate":20,"name":"do","aabb":{"x":-45,"y":-61.5,"width":90,"height":123},"bone":[{"name":"root"}],"slot":[{"displayIndex":20,"name":"sheetSlot","parent":"root"}],"skin":[{"slot":[{"name":"sheetSlot","display":[{"name":"do0001"},{"name":"do0002"},{"name":"do0003"},{"name":"do0004"},{"name":"do0005"},{"name":"do0006"},{"name":"do0007"},{"name":"do0008"},{"name":"do0009"},{"name":"do0010"},{"name":"do0011"},{"name":"do0012"},{"name":"do0013"},{"name":"do0014"},{"name":"do0015"},{"name":"do0016"},{"name":"do0017"},{"name":"do0018"},{"name":"do0019"},{"name":"do0020"},{"name":"do0021"}]}]}],"animation":[{"duration":21,"playTimes":0,"name":"do","slot":[{"name":"sheetSlot","displayFrame":[{},{"value":1},{"value":2},{"value":3},{"value":4},{"value":5},{"value":6},{"value":7},{"value":8},{"value":9},{"value":10},{"value":11},{"value":12},{"value":13},{"value":14},{"value":15},{"value":16},{"value":17},{"value":18},{"value":19},{"value":20}]}]}],"defaultActions":[{"gotoAndPlay":"do"}]}]}