{"width":512,"imagePath":"do_tex.png","height":512,"name":"do","SubTexture":[{"y":376,"frameWidth":90,"x":268,"frameHeight":123,"width":82,"frameY":-1,"height":123,"name":"do0003","frameX":-2},{"y":126,"frameWidth":90,"x":183,"frameHeight":123,"width":85,"frameY":-1,"height":123,"name":"do0014","frameX":-1},{"y":251,"frameWidth":90,"x":270,"frameHeight":123,"width":78,"frameY":-1,"height":123,"name":"do0001","frameX":-4},{"y":126,"frameWidth":90,"x":431,"frameHeight":123,"width":78,"frameY":-1,"height":123,"name":"do0020","frameX":-4},{"y":1,"frameWidth":90,"x":270,"frameHeight":123,"width":79,"frameY":-1,"height":123,"name":"do0002","frameX":-3},{"y":126,"frameWidth":90,"x":270,"frameHeight":123,"width":79,"frameY":-1,"height":123,"name":"do0017","frameX":-3},{"y":251,"frameWidth":90,"x":350,"frameHeight":123,"width":78,"frameY":-1,"height":123,"name":"do0019","frameX":-4},{"y":126,"frameWidth":90,"x":351,"frameHeight":123,"width":78,"frameY":-1,"height":123,"name":"do0021","frameX":-4},{"y":251,"frameWidth":90,"x":430,"frameHeight":123,"width":78,"frameY":-1,"height":123,"name":"do0018","frameX":-4},{"width":90,"y":1,"height":123,"name":"do0009","x":1},{"y":126,"frameWidth":90,"x":1,"frameHeight":123,"width":90,"frameY":-1,"height":123,"name":"do0010","frameX":0},{"y":251,"frameWidth":90,"x":182,"frameHeight":123,"width":86,"frameY":0,"height":123,"name":"do0005","frameX":-1},{"y":1,"frameWidth":90,"x":93,"frameHeight":123,"width":89,"frameY":0,"height":123,"name":"do0011","frameX":0},{"y":251,"frameWidth":90,"x":1,"frameHeight":123,"width":90,"frameY":0,"height":123,"name":"do0008","frameX":0},{"y":376,"frameWidth":90,"x":183,"frameHeight":123,"width":83,"frameY":-1,"height":123,"name":"do0015","frameX":-2},{"y":251,"frameWidth":90,"x":93,"frameHeight":123,"width":87,"frameY":0,"height":123,"name":"do0013","frameX":-1},{"y":1,"frameWidth":90,"x":352,"frameHeight":123,"width":81,"frameY":-1,"height":123,"name":"do0016","frameX":-2},{"y":1,"frameWidth":90,"x":184,"frameHeight":123,"width":84,"frameY":-1,"height":123,"name":"do0004","frameX":-1},{"y":126,"frameWidth":90,"x":93,"frameHeight":123,"width":88,"frameY":0,"height":123,"name":"do0006","frameX":-1},{"y":376,"frameWidth":90,"x":1,"frameHeight":123,"width":89,"frameY":0,"height":123,"name":"do0007","frameX":0},{"y":376,"frameWidth":90,"x":92,"frameHeight":123,"width":89,"frameY":0,"height":123,"name":"do0012","frameX":0}]}