{"frameRate":24,"name":"re_hover","version":"5.5","compatibleVersion":"5.5","armature":[{"type":"Sheet","frameRate":20,"name":"re_hover","aabb":{"x":-58,"y":-67,"width":116,"height":134},"bone":[{"name":"root"}],"slot":[{"displayIndex":49,"name":"sheetSlot","parent":"root"}],"skin":[{"slot":[{"name":"sheetSlot","display":[{"name":"antumc10050"},{"name":"antumc10001"},{"name":"antumc10002"},{"name":"antumc10003"},{"name":"antumc10004"},{"name":"antumc10005"},{"name":"antumc10006"},{"name":"antumc10007"},{"name":"antumc10008"},{"name":"antumc10009"},{"name":"antumc10010"},{"name":"antumc10011"},{"name":"antumc10012"},{"name":"antumc10013"},{"name":"antumc10014"},{"name":"antumc10015"},{"name":"antumc10016"},{"name":"antumc10017"},{"name":"antumc10018"},{"name":"antumc10019"},{"name":"antumc10020"},{"name":"antumc10021"},{"name":"antumc10022"},{"name":"antumc10023"},{"name":"antumc10024"},{"name":"antumc10025"},{"name":"antumc10026"},{"name":"antumc10027"},{"name":"antumc10028"},{"name":"antumc10029"},{"name":"antumc10030"},{"name":"antumc10031"},{"name":"antumc10032"},{"name":"antumc10033"},{"name":"antumc10034"},{"name":"antumc10035"},{"name":"antumc10036"},{"name":"antumc10037"},{"name":"antumc10038"},{"name":"antumc10039"},{"name":"antumc10040"},{"name":"antumc10041"},{"name":"antumc10042"},{"name":"antumc10043"},{"name":"antumc10044"},{"name":"antumc10045"},{"name":"antumc10046"},{"name":"antumc10047"},{"name":"antumc10048"},{"name":"antumc10049"}]}]}],"animation":[{"duration":50,"playTimes":0,"name":"re_hover","slot":[{"name":"sheetSlot","displayFrame":[{},{"value":1},{"value":2},{"value":3},{"value":4},{"value":5},{"value":6},{"value":7},{"value":8},{"value":9},{"value":10},{"value":11},{"value":12},{"value":13},{"value":14},{"value":15},{"value":16},{"value":17},{"value":18},{"value":19},{"value":20},{"value":21},{"value":22},{"value":23},{"value":24},{"value":25},{"value":26},{"value":27},{"value":28},{"value":29},{"value":30},{"value":31},{"value":32},{"value":33},{"value":34},{"value":35},{"value":36},{"value":37},{"value":38},{"value":39},{"value":40},{"value":41},{"value":42},{"value":43},{"value":44},{"value":45},{"value":46},{"value":47},{"value":48},{"value":49}]}]}],"defaultActions":[{"gotoAndPlay":"re_hover"}]}]}