{"width":1024,"imagePath":"re_hover_tex.png","height":1024,"name":"re_hover","SubTexture":[{"y":121,"frameWidth":116,"x":655,"frameHeight":134,"width":105,"frameY":-16,"height":118,"name":"antumc10005","frameX":-3},{"y":1,"frameWidth":116,"x":761,"frameHeight":134,"width":102,"frameY":-17,"height":118,"name":"antumc10003","frameX":-2},{"y":241,"frameWidth":116,"x":545,"frameHeight":134,"width":108,"frameY":-16,"height":118,"name":"antumc10014","frameX":-9},{"y":1,"frameWidth":116,"x":224,"frameHeight":134,"width":106,"frameY":0,"height":134,"name":"antumc10017","frameX":-10},{"y":137,"frameWidth":116,"x":113,"frameHeight":134,"width":109,"frameY":0,"height":134,"name":"antumc10050","frameX":-7},{"y":1,"frameWidth":116,"x":1,"frameHeight":134,"width":110,"frameY":0,"height":134,"name":"antumc10048","frameX":-7},{"y":817,"frameWidth":116,"x":223,"frameHeight":134,"width":107,"frameY":0,"height":134,"name":"antumc10016","frameX":-10},{"y":409,"frameWidth":116,"x":543,"frameHeight":134,"width":107,"frameY":-9,"height":125,"name":"antumc10015","frameX":-9},{"y":1,"frameWidth":116,"x":332,"frameHeight":134,"width":105,"frameY":0,"height":134,"name":"antumc10019","frameX":-11},{"y":817,"frameWidth":116,"x":438,"frameHeight":134,"width":104,"frameY":0,"height":134,"name":"antumc10022","frameX":-12},{"y":1,"frameWidth":116,"x":865,"frameHeight":134,"width":101,"frameY":-17,"height":117,"name":"antumc10002","frameX":-1},{"y":1,"frameWidth":116,"x":656,"frameHeight":134,"width":103,"frameY":-17,"height":118,"name":"antumc10004","frameX":-3},{"y":681,"frameWidth":116,"x":437,"frameHeight":134,"width":104,"frameY":0,"height":134,"name":"antumc10029","frameX":-12},{"y":1,"frameWidth":116,"x":439,"frameHeight":134,"width":104,"frameY":0,"height":134,"name":"antumc10030","frameX":-12},{"y":545,"frameWidth":116,"x":113,"frameHeight":134,"width":108,"frameY":0,"height":134,"name":"antumc10038","frameX":-9},{"y":1,"frameWidth":116,"x":113,"frameHeight":134,"width":109,"frameY":0,"height":134,"name":"antumc10040","frameX":-8},{"y":817,"frameWidth":116,"x":332,"frameHeight":134,"width":104,"frameY":0,"height":134,"name":"antumc10027","frameX":-12},{"y":545,"frameWidth":116,"x":437,"frameHeight":134,"width":104,"frameY":0,"height":134,"name":"antumc10024","frameX":-12},{"y":273,"frameWidth":116,"x":1,"frameHeight":134,"width":110,"frameY":0,"height":134,"name":"antumc10045","frameX":-6},{"y":681,"frameWidth":116,"x":1,"frameHeight":134,"width":110,"frameY":0,"height":134,"name":"antumc10043","frameX":-7},{"y":545,"frameWidth":116,"x":223,"frameHeight":134,"width":106,"frameY":0,"height":134,"name":"antumc10034","frameX":-11},{"y":409,"frameWidth":116,"x":113,"frameHeight":134,"width":108,"frameY":0,"height":134,"name":"antumc10039","frameX":-8},{"y":137,"frameWidth":116,"x":224,"frameHeight":134,"width":106,"frameY":0,"height":134,"name":"antumc10035","frameX":-10},{"y":137,"frameWidth":116,"x":332,"frameHeight":134,"width":105,"frameY":0,"height":134,"name":"antumc10032","frameX":-11},{"y":273,"frameWidth":116,"x":332,"frameHeight":134,"width":105,"frameY":0,"height":134,"name":"antumc10031","frameX":-12},{"y":776,"frameWidth":116,"x":544,"frameHeight":134,"width":110,"frameY":-16,"height":118,"name":"antumc10008","frameX":-6},{"y":656,"frameWidth":116,"x":543,"frameHeight":134,"width":110,"frameY":-16,"height":118,"name":"antumc10010","frameX":-7},{"y":545,"frameWidth":116,"x":1,"frameHeight":134,"width":110,"frameY":0,"height":134,"name":"antumc10044","frameX":-6},{"y":896,"frameWidth":116,"x":655,"frameHeight":134,"width":109,"frameY":-16,"height":118,"name":"antumc10011","frameX":-7},{"y":241,"frameWidth":116,"x":655,"frameHeight":134,"width":101,"frameY":-18,"height":117,"name":"antumc10001","frameX":0},{"y":1,"frameWidth":116,"x":545,"frameHeight":134,"width":109,"frameY":-16,"height":118,"name":"antumc10012","frameX":-8},{"y":545,"frameWidth":116,"x":331,"frameHeight":134,"width":104,"frameY":0,"height":134,"name":"antumc10023","frameX":-12},{"y":536,"frameWidth":116,"x":543,"frameHeight":134,"width":110,"frameY":-16,"height":118,"name":"antumc10009","frameX":-7},{"y":409,"frameWidth":116,"x":437,"frameHeight":134,"width":104,"frameY":0,"height":134,"name":"antumc10026","frameX":-12},{"y":409,"frameWidth":116,"x":223,"frameHeight":134,"width":106,"frameY":0,"height":134,"name":"antumc10033","frameX":-11},{"y":817,"frameWidth":116,"x":1,"frameHeight":134,"width":109,"frameY":0,"height":134,"name":"antumc10042","frameX":-7},{"y":137,"frameWidth":116,"x":439,"frameHeight":134,"width":104,"frameY":0,"height":134,"name":"antumc10021","frameX":-12},{"y":896,"frameWidth":116,"x":544,"frameHeight":134,"width":109,"frameY":-16,"height":118,"name":"antumc10007","frameX":-5},{"y":409,"frameWidth":116,"x":1,"frameHeight":134,"width":110,"frameY":0,"height":134,"name":"antumc10047","frameX":-7},{"y":273,"frameWidth":116,"x":113,"frameHeight":134,"width":109,"frameY":0,"height":134,"name":"antumc10049","frameX":-7},{"y":273,"frameWidth":116,"x":439,"frameHeight":134,"width":104,"frameY":0,"height":134,"name":"antumc10025","frameX":-12},{"y":121,"frameWidth":116,"x":545,"frameHeight":134,"width":108,"frameY":-16,"height":118,"name":"antumc10013","frameX":-8},{"y":409,"frameWidth":116,"x":331,"frameHeight":134,"width":104,"frameY":0,"height":134,"name":"antumc10020","frameX":-12},{"y":137,"frameWidth":116,"x":1,"frameHeight":134,"width":110,"frameY":0,"height":134,"name":"antumc10046","frameX":-6},{"y":681,"frameWidth":116,"x":113,"frameHeight":134,"width":107,"frameY":0,"height":134,"name":"antumc10037","frameX":-9},{"y":817,"frameWidth":116,"x":112,"frameHeight":134,"width":109,"frameY":0,"height":134,"name":"antumc10041","frameX":-7},{"y":273,"frameWidth":116,"x":224,"frameHeight":134,"width":106,"frameY":0,"height":134,"name":"antumc10018","frameX":-11},{"y":681,"frameWidth":116,"x":222,"frameHeight":134,"width":107,"frameY":0,"height":134,"name":"antumc10036","frameX":-10},{"y":681,"frameWidth":116,"x":331,"frameHeight":134,"width":104,"frameY":0,"height":134,"name":"antumc10028","frameX":-12},{"y":361,"frameWidth":116,"x":652,"frameHeight":134,"width":107,"frameY":-16,"height":118,"name":"antumc10006","frameX":-4}]}