{"frameRate":24,"name":"mi","version":"5.5","compatibleVersion":"5.5","armature":[{"type":"Sheet","frameRate":20,"name":"mi","aabb":{"x":-49.75,"y":-56.5,"width":99.5,"height":113},"bone":[{"name":"root"}],"slot":[{"displayIndex":11,"name":"sheetSlot","parent":"root"}],"skin":[{"slot":[{"name":"sheetSlot","display":[{"name":"maomc3330002"},{"name":"maomc3330003"},{"name":"maomc3330004"},{"name":"maomc3330005"},{"name":"maomc3330006"},{"name":"maomc3330007"},{"name":"maomc3330008"},{"name":"maomc3330009"},{"name":"maomc3330010"},{"name":"maomc3330011"},{"name":"maomc3330012"},{"name":"maomc3330013"},{"name":"maomc3330014"},{"name":"maomc3330015"},{"name":"maomc3330016"},{"name":"maomc3330017"},{"name":"maomc3330018"},{"name":"maomc3330019"},{"name":"maomc3330001"}]}]}],"animation":[{"duration":19,"playTimes":0,"name":"mi","slot":[{"name":"sheetSlot","displayFrame":[{},{"value":1},{"value":2},{"value":3},{"value":4},{"value":5},{"value":6},{"value":7},{"value":8},{"value":9},{"value":10},{"value":11},{"value":12},{"value":13},{"value":14},{"value":15},{"value":16},{"value":17},{"value":18}]}]}],"defaultActions":[{"gotoAndPlay":"mi"}]}]}