{"width":1024,"imagePath":"mi_tex.png","height":512,"name":"mi","SubTexture":[{"y":229,"frameWidth":100,"x":399,"frameHeight":113,"width":92,"frameY":-1,"height":112,"name":"maomc3330017","frameX":-7},{"y":1,"frameWidth":100,"x":298,"frameHeight":113,"width":95,"frameY":-2,"height":111,"name":"maomc3330005","frameX":-5},{"y":115,"frameWidth":100,"x":395,"frameHeight":113,"width":93,"frameY":-2,"height":112,"name":"maomc3330004","frameX":-6},{"y":1,"frameWidth":100,"x":395,"frameHeight":113,"width":93,"frameY":-2,"height":112,"name":"maomc3330016","frameX":-6},{"y":343,"frameWidth":100,"x":399,"frameHeight":113,"width":92,"frameY":-1,"height":112,"name":"maomc3330003","frameX":-7},{"y":116,"frameWidth":100,"x":493,"frameHeight":113,"width":90,"frameY":-1,"height":113,"name":"maomc3330018","frameX":-8},{"y":333,"frameWidth":100,"x":1,"frameHeight":113,"width":98,"frameY":-4,"height":109,"name":"maomc3330012","frameX":-2},{"y":114,"frameWidth":100,"x":298,"frameHeight":113,"width":95,"frameY":-2,"height":111,"name":"maomc3330015","frameX":-5},{"y":1,"frameWidth":100,"x":582,"frameHeight":113,"width":88,"frameY":0,"height":113,"name":"maomc3330019","frameX":-9},{"y":333,"frameWidth":100,"x":300,"frameHeight":113,"width":97,"frameY":-3,"height":110,"name":"maomc3330007","frameX":-3},{"y":1,"frameWidth":100,"x":490,"frameHeight":113,"width":90,"frameY":-1,"height":113,"name":"maomc3330002","frameX":-8},{"y":222,"frameWidth":100,"x":1,"frameHeight":113,"width":99,"frameY":-5,"height":109,"name":"maomc3330009","frameX":-1},{"y":333,"frameWidth":100,"x":201,"frameHeight":113,"width":97,"frameY":-3,"height":110,"name":"maomc3330013","frameX":-3},{"y":111,"frameWidth":100,"x":1,"frameHeight":113,"width":99,"frameY":-5,"height":109,"name":"maomc3330011","frameX":-1},{"y":111,"frameWidth":100,"x":200,"frameHeight":113,"width":96,"frameY":-3,"height":111,"name":"maomc3330006","frameX":-4},{"y":333,"frameWidth":100,"x":101,"frameHeight":113,"width":98,"frameY":-4,"height":109,"name":"maomc3330008","frameX":-2},{"y":1,"frameWidth":100,"x":1,"frameHeight":113,"width":100,"frameY":-5,"height":108,"name":"maomc3330010","frameX":0},{"y":231,"frameWidth":100,"x":493,"frameHeight":113,"width":88,"frameY":0,"height":113,"name":"maomc3330001","frameX":-9},{"y":111,"frameWidth":100,"x":102,"frameHeight":113,"width":96,"frameY":-3,"height":111,"name":"maomc3330014","frameX":-4}]}