{"width":1024,"imagePath":"bearmove_tex.png","height":512,"name":"bearmove","SubTexture":[{"y":148,"frameX":0,"frameHeight":146,"frameY":0,"width":88,"frameWidth":88,"height":145,"name":"bearmove0007","x":451},{"y":1,"frameX":0,"frameHeight":146,"frameY":0,"width":88,"frameWidth":88,"height":145,"name":"bearmove0017","x":451},{"y":295,"frameX":0,"frameHeight":146,"frameY":0,"width":88,"frameWidth":88,"height":145,"name":"bearmove0014","x":361},{"y":295,"frameX":0,"frameHeight":146,"frameY":0,"width":88,"frameWidth":88,"height":145,"name":"bearmove0003","x":271},{"y":1,"frameX":0,"frameHeight":146,"frameY":0,"width":88,"frameWidth":88,"height":144,"name":"bearmove0006","x":541},{"y":297,"frameX":-1,"frameHeight":146,"frameY":0,"width":88,"frameWidth":88,"height":146,"name":"bearmove0020","x":91},{"y":295,"frameX":0,"frameHeight":146,"frameY":0,"width":88,"frameWidth":88,"height":145,"name":"bearmove0018","x":451},{"y":147,"frameX":0,"frameHeight":146,"frameY":0,"width":88,"frameWidth":88,"height":144,"name":"bearmove0016","x":541},{"y":149,"frameX":0,"frameHeight":146,"frameY":0,"width":88,"frameWidth":88,"height":145,"name":"bearmove0008","x":181},{"y":1,"frameX":-1,"frameHeight":146,"frameY":0,"width":88,"frameWidth":88,"height":146,"name":"bearmove0012","x":91},{"y":149,"frameX":-1,"frameHeight":146,"frameY":0,"width":88,"frameWidth":88,"height":146,"name":"bearmove0011","x":1},{"y":1,"frameX":0,"frameHeight":146,"frameY":0,"width":88,"frameWidth":88,"height":145,"name":"bearmove0004","x":271},{"y":1,"frameX":0,"frameHeight":146,"frameY":0,"width":88,"frameWidth":88,"height":145,"name":"bearmove0009","x":361},{"y":148,"frameX":0,"frameHeight":146,"frameY":0,"width":88,"frameWidth":88,"height":145,"name":"bearmove0013","x":271},{"y":1,"frameX":-1,"frameHeight":146,"frameY":0,"width":88,"frameWidth":88,"height":146,"name":"bearmove0002","x":181},{"y":297,"frameX":-1,"frameHeight":146,"frameY":0,"width":88,"frameWidth":88,"height":146,"name":"bearmove0010","x":1},{"y":148,"frameX":0,"frameHeight":146,"frameY":0,"width":88,"frameWidth":88,"height":145,"name":"bearmove0005","x":361},{"y":296,"frameX":0,"frameHeight":146,"frameY":0,"width":88,"frameWidth":88,"height":145,"name":"bearmove0015","x":181},{"y":1,"frameX":-1,"frameHeight":146,"frameY":0,"width":88,"frameWidth":88,"height":146,"name":"bearmove0019","x":1},{"y":149,"frameX":-1,"frameHeight":146,"frameY":0,"width":88,"frameWidth":88,"height":146,"name":"bearmove0001","x":91}]}