{"frameRate":24,"name":"bearmove","version":"5.5","compatibleVersion":"5.5","armature":[{"type":"Sheet","frameRate":24,"name":"bearmove","aabb":{"x":-44,"y":-72.75,"width":88,"height":145.5},"bone":[{"name":"root"}],"slot":[{"displayIndex":17,"name":"sheetSlot","parent":"root"}],"skin":[{"slot":[{"name":"sheetSlot","display":[{"name":"bearmove0001"},{"name":"bearmove0002"},{"name":"bearmove0003"},{"name":"bearmove0004"},{"name":"bearmove0005"},{"name":"bearmove0006"},{"name":"bearmove0007"},{"name":"bearmove0008"},{"name":"bearmove0009"},{"name":"bearmove0010"},{"name":"bearmove0011"},{"name":"bearmove0012"},{"name":"bearmove0013"},{"name":"bearmove0014"},{"name":"bearmove0015"},{"name":"bearmove0016"},{"name":"bearmove0017"},{"name":"bearmove0018"},{"name":"bearmove0019"},{"name":"bearmove0020"}]}]}],"animation":[{"duration":20,"playTimes":0,"name":"bearmove","slot":[{"name":"sheetSlot","displayFrame":[{},{"value":1},{"value":2},{"value":3},{"value":4},{"value":5},{"value":6},{"value":7},{"value":8},{"value":9},{"value":10},{"value":11},{"value":12},{"value":13},{"value":14},{"value":15},{"value":16},{"value":17},{"value":18},{"value":19}]}]}],"defaultActions":[{"gotoAndPlay":"bearmove"}]}]}