{"frameRate":24,"name":"do_hover","version":"5.5","compatibleVersion":"5.5","armature":[{"type":"Sheet","frameRate":20,"name":"do_hover","aabb":{"x":-60.75,"y":-71,"width":121.5,"height":142},"bone":[{"name":"root"}],"slot":[{"displayIndex":49,"name":"sheetSlot","parent":"root"}],"skin":[{"slot":[{"name":"sheetSlot","display":[{"name":"xiongda10043"},{"name":"xiongda10044"},{"name":"xiongda10045"},{"name":"xiongda10046"},{"name":"xiongda10047"},{"name":"xiongda10048"},{"name":"xiongda10049"},{"name":"xiongda10050"},{"name":"xiongda10001"},{"name":"xiongda10002"},{"name":"xiongda10003"},{"name":"xiongda10004"},{"name":"xiongda10005"},{"name":"xiongda10006"},{"name":"xiongda10007"},{"name":"xiongda10008"},{"name":"xiongda10009"},{"name":"xiongda10010"},{"name":"xiongda10011"},{"name":"xiongda10012"},{"name":"xiongda10013"},{"name":"xiongda10014"},{"name":"xiongda10015"},{"name":"xiongda10016"},{"name":"xiongda10017"},{"name":"xiongda10018"},{"name":"xiongda10019"},{"name":"xiongda10020"},{"name":"xiongda10021"},{"name":"xiongda10022"},{"name":"xiongda10023"},{"name":"xiongda10024"},{"name":"xiongda10025"},{"name":"xiongda10026"},{"name":"xiongda10027"},{"name":"xiongda10028"},{"name":"xiongda10029"},{"name":"xiongda10030"},{"name":"xiongda10031"},{"name":"xiongda10032"},{"name":"xiongda10033"},{"name":"xiongda10034"},{"name":"xiongda10035"},{"name":"xiongda10036"},{"name":"xiongda10037"},{"name":"xiongda10038"},{"name":"xiongda10039"},{"name":"xiongda10040"},{"name":"xiongda10041"},{"name":"xiongda10042"}]}]}],"animation":[{"duration":50,"playTimes":0,"name":"do_hover","slot":[{"name":"sheetSlot","displayFrame":[{},{"value":1},{"value":2},{"value":3},{"value":4},{"value":5},{"value":6},{"value":7},{"value":8},{"value":9},{"value":10},{"value":11},{"value":12},{"value":13},{"value":14},{"value":15},{"value":16},{"value":17},{"value":18},{"value":19},{"value":20},{"value":21},{"value":22},{"value":23},{"value":24},{"value":25},{"value":26},{"value":27},{"value":28},{"value":29},{"value":30},{"value":31},{"value":32},{"value":33},{"value":34},{"value":35},{"value":36},{"value":37},{"value":38},{"value":39},{"value":40},{"value":41},{"value":42},{"value":43},{"value":44},{"value":45},{"value":46},{"value":47},{"value":48},{"value":49}]}]}],"defaultActions":[{"gotoAndPlay":"do_hover"}]}]}