{"width":1024,"imagePath":"do_hover_tex.png","height":1024,"name":"do_hover","SubTexture":[{"y":657,"frameWidth":122,"x":373,"frameHeight":142,"width":88,"frameY":-19,"height":123,"name":"xiongda10005","frameX":-31},{"y":415,"frameWidth":122,"x":465,"frameHeight":142,"width":90,"frameY":-19,"height":124,"name":"xiongda10010","frameX":-31},{"y":415,"frameWidth":122,"x":649,"frameHeight":142,"width":90,"frameY":-19,"height":123,"name":"xiongda10007","frameX":-30},{"width":122,"y":865,"height":142,"name":"xiongda10029","x":1},{"y":415,"frameWidth":122,"x":557,"frameHeight":142,"width":90,"frameY":-19,"height":123,"name":"xiongda10008","frameX":-30},{"width":122,"y":433,"height":142,"name":"xiongda10028","x":1},{"width":122,"y":145,"height":142,"name":"xiongda10039","x":249},{"width":122,"y":145,"height":142,"name":"xiongda10022","x":745},{"width":122,"y":865,"height":142,"name":"xiongda10045","x":125},{"width":122,"y":145,"height":142,"name":"xiongda10036","x":621},{"y":657,"frameWidth":122,"x":737,"frameHeight":142,"width":83,"frameY":-20,"height":123,"name":"xiongda10001","frameX":-35},{"width":122,"y":577,"height":142,"name":"xiongda10031","x":249},{"y":289,"frameWidth":122,"x":589,"frameHeight":142,"width":97,"frameY":-19,"height":124,"name":"xiongda10016","frameX":-25},{"y":531,"frameWidth":122,"x":373,"frameHeight":142,"width":90,"frameY":-19,"height":124,"name":"xiongda10011","frameX":-31},{"width":122,"y":1,"height":142,"name":"xiongda10044","x":125},{"width":122,"y":865,"height":142,"name":"xiongda10034","x":249},{"y":280,"frameWidth":122,"x":869,"frameHeight":142,"width":114,"frameY":-19,"height":124,"name":"xiongda10019","frameX":-8},{"y":541,"frameWidth":122,"x":465,"frameHeight":142,"width":89,"frameY":-19,"height":123,"name":"xiongda10006","frameX":-31},{"width":122,"y":577,"height":142,"name":"xiongda10035","x":1},{"width":122,"y":1,"height":142,"name":"xiongda10048","x":249},{"y":289,"frameWidth":122,"x":484,"frameHeight":142,"width":103,"frameY":-19,"height":124,"name":"xiongda10017","frameX":-19},{"y":289,"frameWidth":122,"x":373,"frameHeight":142,"width":109,"frameY":-19,"height":124,"name":"xiongda10018","frameX":-13},{"width":122,"y":289,"height":142,"name":"xiongda10021","x":125},{"y":145,"frameWidth":122,"x":869,"frameHeight":142,"width":118,"frameY":-10,"height":133,"name":"xiongda10020","frameX":-4},{"width":122,"y":577,"height":142,"name":"xiongda10033","x":125},{"width":122,"y":433,"height":142,"name":"xiongda10046","x":125},{"width":122,"y":145,"height":142,"name":"xiongda10026","x":125},{"y":540,"frameWidth":122,"x":648,"frameHeight":142,"width":87,"frameY":-19,"height":123,"name":"xiongda10004","frameX":-32},{"width":122,"y":145,"height":142,"name":"xiongda10042","x":1},{"width":122,"y":1,"height":142,"name":"xiongda10030","x":621},{"y":532,"frameWidth":122,"x":832,"frameHeight":142,"width":86,"frameY":-20,"height":123,"name":"xiongda10003","frameX":-32},{"width":122,"y":1,"height":142,"name":"xiongda10023","x":497},{"width":122,"y":721,"height":142,"name":"xiongda10038","x":125},{"y":289,"frameWidth":122,"x":688,"frameHeight":142,"width":91,"frameY":-19,"height":124,"name":"xiongda10015","frameX":-31},{"width":122,"y":145,"height":142,"name":"xiongda10040","x":373},{"width":122,"y":1,"height":142,"name":"xiongda10043","x":745},{"y":532,"frameWidth":122,"x":920,"frameHeight":142,"width":85,"frameY":-20,"height":123,"name":"xiongda10002","frameX":-33},{"y":406,"frameWidth":122,"x":781,"frameHeight":142,"width":91,"frameY":-19,"height":123,"name":"xiongda10009","frameX":-30},{"width":122,"y":1,"height":142,"name":"xiongda10050","x":373},{"width":122,"y":721,"height":142,"name":"xiongda10041","x":1},{"width":122,"y":145,"height":142,"name":"xiongda10049","x":497},{"y":531,"frameWidth":122,"x":741,"frameHeight":142,"width":89,"frameY":-19,"height":124,"name":"xiongda10014","frameX":-33},{"width":122,"y":1,"height":142,"name":"xiongda10024","x":869},{"width":122,"y":289,"height":142,"name":"xiongda10027","x":1},{"width":122,"y":721,"height":142,"name":"xiongda10037","x":249},{"width":122,"y":289,"height":142,"name":"xiongda10032","x":249},{"y":540,"frameWidth":122,"x":557,"frameHeight":142,"width":89,"frameY":-19,"height":124,"name":"xiongda10013","frameX":-33},{"y":406,"frameWidth":122,"x":874,"frameHeight":142,"width":90,"frameY":-19,"height":124,"name":"xiongda10012","frameX":-32},{"width":122,"y":433,"height":142,"name":"xiongda10025","x":249},{"width":122,"y":1,"height":142,"name":"xiongda10047","x":1}]}