{"frameRate":24,"name":"mi_hover","version":"5.5","compatibleVersion":"5.5","armature":[{"type":"Sheet","frameRate":20,"name":"mi_hover","aabb":{"x":-63.5,"y":-72,"width":127,"height":144},"bone":[{"name":"root"}],"slot":[{"displayIndex":2,"name":"sheetSlot","parent":"root"}],"skin":[{"slot":[{"name":"sheetSlot","display":[{"name":"maomc22220050"},{"name":"maomc22220001"},{"name":"maomc22220002"},{"name":"maomc22220003"},{"name":"maomc22220004"},{"name":"maomc22220005"},{"name":"maomc22220006"},{"name":"maomc22220007"},{"name":"maomc22220008"},{"name":"maomc22220009"},{"name":"maomc22220010"},{"name":"maomc22220011"},{"name":"maomc22220012"},{"name":"maomc22220013"},{"name":"maomc22220014"},{"name":"maomc22220015"},{"name":"maomc22220016"},{"name":"maomc22220017"},{"name":"maomc22220018"},{"name":"maomc22220019"},{"name":"maomc22220020"},{"name":"maomc22220021"},{"name":"maomc22220022"},{"name":"maomc22220023"},{"name":"maomc22220024"},{"name":"maomc22220025"},{"name":"maomc22220026"},{"name":"maomc22220027"},{"name":"maomc22220028"},{"name":"maomc22220029"},{"name":"maomc22220030"},{"name":"maomc22220031"},{"name":"maomc22220032"},{"name":"maomc22220033"},{"name":"maomc22220034"},{"name":"maomc22220035"},{"name":"maomc22220036"},{"name":"maomc22220037"},{"name":"maomc22220038"},{"name":"maomc22220039"},{"name":"maomc22220040"},{"name":"maomc22220041"},{"name":"maomc22220042"},{"name":"maomc22220043"},{"name":"maomc22220044"},{"name":"maomc22220045"},{"name":"maomc22220046"},{"name":"maomc22220047"},{"name":"maomc22220048"},{"name":"maomc22220049"}]}]}],"animation":[{"duration":50,"playTimes":0,"name":"mi_hover","slot":[{"name":"sheetSlot","displayFrame":[{},{"value":1},{"value":2},{"value":3},{"value":4},{"value":5},{"value":6},{"value":7},{"value":8},{"value":9},{"value":10},{"value":11},{"value":12},{"value":13},{"value":14},{"value":15},{"value":16},{"value":17},{"value":18},{"value":19},{"value":20},{"value":21},{"value":22},{"value":23},{"value":24},{"value":25},{"value":26},{"value":27},{"value":28},{"value":29},{"value":30},{"value":31},{"value":32},{"value":33},{"value":34},{"value":35},{"value":36},{"value":37},{"value":38},{"value":39},{"value":40},{"value":41},{"value":42},{"value":43},{"value":44},{"value":45},{"value":46},{"value":47},{"value":48},{"value":49}]}]}],"defaultActions":[{"gotoAndPlay":"mi_hover"}]}]}