{"width":1024,"imagePath":"mi_hover_tex.png","height":1024,"name":"mi_hover","SubTexture":[{"y":697,"frameWidth":127,"x":474,"frameHeight":144,"width":88,"frameY":-39,"height":105,"name":"maomc22220003","frameX":-6},{"y":581,"frameWidth":127,"x":626,"frameHeight":144,"width":97,"frameY":-21,"height":122,"name":"maomc22220007","frameX":-1},{"y":1,"frameWidth":127,"x":130,"frameHeight":144,"width":125,"frameY":0,"height":144,"name":"maomc22220031","frameX":-2},{"y":292,"frameWidth":127,"x":765,"frameHeight":144,"width":124,"frameY":0,"height":144,"name":"maomc22220019","frameX":-4},{"y":291,"frameWidth":127,"x":1,"frameHeight":144,"width":127,"frameY":0,"height":143,"name":"maomc22220028","frameX":-1},{"y":1,"frameWidth":127,"x":892,"frameHeight":144,"width":125,"frameY":0,"height":144,"name":"maomc22220048","frameX":-2},{"y":439,"frameWidth":127,"x":130,"frameHeight":144,"width":123,"frameY":-13,"height":131,"name":"maomc22220012","frameX":-2},{"y":731,"frameWidth":127,"x":257,"frameHeight":144,"width":125,"frameY":0,"height":144,"name":"maomc22220033","frameX":-2},{"y":293,"frameWidth":127,"x":508,"frameHeight":144,"width":122,"frameY":0,"height":144,"name":"maomc22220020","frameX":-6},{"y":726,"frameWidth":127,"x":129,"frameHeight":144,"width":126,"frameY":0,"height":143,"name":"maomc22220044","frameX":-1},{"y":292,"frameWidth":127,"x":891,"frameHeight":144,"width":124,"frameY":0,"height":144,"name":"maomc22220037","frameX":-4},{"y":585,"frameWidth":127,"x":474,"frameHeight":144,"width":88,"frameY":-35,"height":110,"name":"maomc22220002","frameX":-4},{"y":439,"frameWidth":127,"x":505,"frameHeight":144,"width":119,"frameY":0,"height":144,"name":"maomc22220039","frameX":-8},{"y":293,"frameWidth":127,"x":257,"frameHeight":144,"width":125,"frameY":0,"height":144,"name":"maomc22220015","frameX":-2},{"y":147,"frameWidth":127,"x":384,"frameHeight":144,"width":125,"frameY":0,"height":144,"name":"maomc22220036","frameX":-2},{"y":147,"frameWidth":127,"x":892,"frameHeight":144,"width":125,"frameY":0,"height":143,"name":"maomc22220022","frameX":-3},{"y":700,"frameWidth":127,"x":384,"frameHeight":144,"width":86,"frameY":-43,"height":101,"name":"maomc22220004","frameX":-8},{"y":439,"frameWidth":127,"x":257,"frameHeight":144,"width":125,"frameY":0,"height":144,"name":"maomc22220034","frameX":-2},{"y":558,"frameWidth":127,"x":757,"frameHeight":144,"width":95,"frameY":-15,"height":128,"name":"maomc22220008","frameX":-4},{"y":1,"frameWidth":127,"x":511,"frameHeight":144,"width":125,"frameY":0,"height":144,"name":"maomc22220050","frameX":-2},{"y":293,"frameWidth":127,"x":130,"frameHeight":144,"width":125,"frameY":0,"height":144,"name":"maomc22220029","frameX":-2},{"y":1,"frameWidth":127,"x":257,"frameHeight":144,"width":125,"frameY":0,"height":144,"name":"maomc22220018","frameX":-2},{"y":871,"frameWidth":127,"x":129,"frameHeight":144,"width":126,"frameY":0,"height":143,"name":"maomc22220023","frameX":-1},{"y":585,"frameWidth":127,"x":384,"frameHeight":144,"width":88,"frameY":-31,"height":113,"name":"maomc22220001","frameX":-2},{"y":147,"frameWidth":127,"x":638,"frameHeight":144,"width":125,"frameY":0,"height":144,"name":"maomc22220049","frameX":-2},{"y":436,"frameWidth":127,"x":1,"frameHeight":144,"width":127,"frameY":0,"height":143,"name":"maomc22220045","frameX":0},{"y":1,"frameWidth":127,"x":384,"frameHeight":144,"width":125,"frameY":0,"height":144,"name":"maomc22220013","frameX":-2},{"y":147,"frameWidth":127,"x":511,"frameHeight":144,"width":125,"frameY":0,"height":144,"name":"maomc22220016","frameX":-2},{"y":557,"frameWidth":127,"x":878,"frameHeight":144,"width":105,"frameY":-21,"height":122,"name":"maomc22220009","frameX":-1},{"y":726,"frameWidth":127,"x":1,"frameHeight":144,"width":126,"frameY":0,"height":143,"name":"maomc22220042","frameX":-1},{"y":877,"frameWidth":127,"x":257,"frameHeight":144,"width":125,"frameY":0,"height":144,"name":"maomc22220035","frameX":-2},{"y":293,"frameWidth":127,"x":632,"frameHeight":144,"width":123,"frameY":0,"height":142,"name":"maomc22220025","frameX":-4},{"y":581,"frameWidth":127,"x":1,"frameHeight":144,"width":126,"frameY":0,"height":143,"name":"maomc22220041","frameX":-1},{"y":438,"frameWidth":127,"x":878,"frameHeight":144,"width":113,"frameY":-27,"height":117,"name":"maomc22220010","frameX":0},{"y":147,"frameWidth":127,"x":130,"frameHeight":144,"width":125,"frameY":0,"height":144,"name":"maomc22220014","frameX":-2},{"y":147,"frameWidth":127,"x":765,"frameHeight":144,"width":125,"frameY":0,"height":143,"name":"maomc22220040","frameX":-3},{"y":1,"frameWidth":127,"x":765,"frameHeight":144,"width":125,"frameY":0,"height":144,"name":"maomc22220017","frameX":-2},{"y":871,"frameWidth":127,"x":1,"frameHeight":144,"width":126,"frameY":0,"height":143,"name":"maomc22220024","frameX":-1},{"y":581,"frameWidth":127,"x":129,"frameHeight":144,"width":126,"frameY":0,"height":143,"name":"maomc22220026","frameX":-1},{"y":147,"frameWidth":127,"x":257,"frameHeight":144,"width":125,"frameY":0,"height":144,"name":"maomc22220030","frameX":-2},{"y":1,"frameWidth":127,"x":1,"frameHeight":144,"width":127,"frameY":0,"height":143,"name":"maomc22220027","frameX":0},{"y":439,"frameWidth":127,"x":384,"frameHeight":144,"width":119,"frameY":0,"height":144,"name":"maomc22220021","frameX":-8},{"y":585,"frameWidth":127,"x":257,"frameHeight":144,"width":125,"frameY":0,"height":144,"name":"maomc22220032","frameX":-2},{"y":293,"frameWidth":127,"x":384,"frameHeight":144,"width":122,"frameY":0,"height":144,"name":"maomc22220038","frameX":-6},{"y":438,"frameWidth":127,"x":757,"frameHeight":144,"width":119,"frameY":-25,"height":118,"name":"maomc22220011","frameX":-1},{"y":1,"frameWidth":127,"x":638,"frameHeight":144,"width":125,"frameY":0,"height":144,"name":"maomc22220047","frameX":-2},{"y":146,"frameWidth":127,"x":1,"frameHeight":144,"width":127,"frameY":0,"height":143,"name":"maomc22220046","frameX":-1},{"y":437,"frameWidth":127,"x":632,"frameHeight":144,"width":123,"frameY":0,"height":142,"name":"maomc22220043","frameX":-4},{"y":688,"frameWidth":127,"x":725,"frameHeight":144,"width":94,"frameY":-35,"height":108,"name":"maomc22220005","frameX":-3},{"y":681,"frameWidth":127,"x":854,"frameHeight":144,"width":97,"frameY":-28,"height":115,"name":"maomc22220006","frameX":-1}]}