{"frameRate":24,"name":"re","version":"5.5","compatibleVersion":"5.5","armature":[{"type":"Sheet","frameRate":20,"name":"re","aabb":{"x":-50.75,"y":-58.5,"width":101.5,"height":117},"bone":[{"name":"root"}],"slot":[{"displayIndex":2,"name":"sheetSlot","parent":"root"}],"skin":[{"slot":[{"name":"sheetSlot","display":[{"name":"re0010"},{"name":"re0011"},{"name":"re0012"},{"name":"re0013"},{"name":"re0014"},{"name":"re0015"},{"name":"re0016"},{"name":"re0017"},{"name":"re0018"},{"name":"re0019"},{"name":"re0001"},{"name":"re0002"},{"name":"re0003"},{"name":"re0004"},{"name":"re0005"},{"name":"re0006"},{"name":"re0007"},{"name":"re0008"},{"name":"re0009"}]}]}],"animation":[{"duration":19,"playTimes":0,"name":"re","slot":[{"name":"sheetSlot","displayFrame":[{},{"value":1},{"value":2},{"value":3},{"value":4},{"value":5},{"value":6},{"value":7},{"value":8},{"value":9},{"value":10},{"value":11},{"value":12},{"value":13},{"value":14},{"value":15},{"value":16},{"value":17},{"value":18}]}]}],"defaultActions":[{"gotoAndPlay":"re"}]}]}