{"width":512,"imagePath":"re_tex.png","height":512,"name":"re","SubTexture":[{"y":1,"frameWidth":102,"x":412,"frameHeight":117,"width":99,"frameY":0,"height":117,"name":"re0006","frameX":-3},{"y":358,"frameWidth":102,"x":1,"frameHeight":117,"width":101,"frameY":-1,"height":117,"name":"re0003","frameX":-1},{"y":120,"frameWidth":102,"x":306,"frameHeight":117,"width":98,"frameY":0,"height":117,"name":"re0012","frameX":-4},{"y":1,"frameWidth":102,"x":1,"frameHeight":117,"width":101,"frameY":-1,"height":117,"name":"re0017","frameX":-1},{"y":120,"frameWidth":102,"x":206,"frameHeight":117,"width":98,"frameY":0,"height":117,"name":"re0013","frameX":-3},{"y":358,"frameWidth":102,"x":306,"frameHeight":117,"width":97,"frameY":0,"height":117,"name":"re0009","frameX":-4},{"y":239,"frameWidth":102,"x":405,"frameHeight":117,"width":97,"frameY":0,"height":117,"name":"re0011","frameX":-4},{"y":239,"frameWidth":102,"x":306,"frameHeight":117,"width":97,"frameY":0,"height":117,"name":"re0010","frameX":-5},{"y":239,"frameWidth":102,"x":1,"frameHeight":117,"width":101,"frameY":-1,"height":117,"name":"re0002","frameX":0},{"y":120,"frameWidth":102,"x":406,"frameHeight":117,"width":98,"frameY":0,"height":117,"name":"re0007","frameX":-3},{"y":239,"frameWidth":102,"x":206,"frameHeight":117,"width":98,"frameY":0,"height":117,"name":"re0008","frameX":-4},{"y":358,"frameWidth":102,"x":205,"frameHeight":117,"width":99,"frameY":-1,"height":117,"name":"re0014","frameX":-3},{"y":120,"frameWidth":102,"x":104,"frameHeight":117,"width":100,"frameY":-1,"height":117,"name":"re0005","frameX":-2},{"y":1,"frameWidth":102,"x":104,"frameHeight":117,"width":101,"frameY":-1,"height":117,"name":"re0019","frameX":0},{"y":1,"frameWidth":102,"x":310,"frameHeight":117,"width":100,"frameY":-1,"height":117,"name":"re0016","frameX":-2},{"y":358,"frameWidth":102,"x":104,"frameHeight":117,"width":99,"frameY":-1,"height":117,"name":"re0015","frameX":-2},{"y":120,"frameWidth":102,"x":1,"frameHeight":117,"width":101,"frameY":-1,"height":117,"name":"re0018","frameX":0},{"y":1,"frameWidth":102,"x":207,"frameHeight":117,"width":101,"frameY":-1,"height":117,"name":"re0001","frameX":0},{"y":239,"frameWidth":102,"x":104,"frameHeight":117,"width":100,"frameY":-1,"height":117,"name":"re0004","frameX":-2}]}