{"frameRate":24,"name":"zuiba","version":"5.5","compatibleVersion":"5.5","armature":[{"type":"Sheet","frameRate":16,"name":"zuiba","aabb":{"x":-8,"y":-10.75,"width":16,"height":21.5},"bone":[{"name":"root"}],"slot":[{"displayIndex":10,"name":"sheetSlot","parent":"root"}],"skin":[{"slot":[{"name":"sheetSlot","display":[{"name":"zuiba0001"},{"name":"zuiba0002"},{"name":"zuiba0003"},{"name":"zuiba0004"},{"name":"zuiba0005"},{"name":"zuiba0006"},{"name":"zuiba0007"},{"name":"zuiba0008"},{"name":"zuiba0009"},{"name":"zuiba0010"},{"name":"zuiba0011"},{"name":"zuiba0012"},{"name":"zuiba0013"},{"name":"zuiba0014"},{"name":"zuiba0015"},{"name":"zuiba0016"},{"name":"zuiba0017"},{"name":"zuiba0018"},{"name":"zuiba0019"},{"name":"zuiba0020"},{"name":"zuiba0021"}]}]}],"animation":[{"duration":21,"playTimes":0,"name":"zuiba","slot":[{"name":"sheetSlot","displayFrame":[{},{"value":1},{"value":2},{"value":3},{"value":4},{"value":5},{"value":6},{"value":7},{"value":8},{"value":9},{"value":10},{"value":11},{"value":12},{"value":13},{"value":14},{"value":15},{"value":16},{"value":17},{"value":18},{"value":19},{"value":20}]}]}],"defaultActions":[{"gotoAndPlay":"zuiba"}]}]}