{"width":128,"SubTexture":[{"y":39,"frameWidth":16,"x":55,"frameHeight":22,"width":14,"frameY":0,"height":17,"name":"zuiba0004","frameX":-1},{"y":47,"frameWidth":16,"x":31,"frameHeight":22,"width":8,"frameY":0,"height":12,"name":"zuiba0014","frameX":-4},{"y":47,"frameWidth":16,"x":11,"frameHeight":22,"width":8,"frameY":0,"height":12,"name":"zuiba0021","frameX":-4},{"y":1,"frameWidth":16,"x":117,"frameHeight":22,"width":8,"frameY":0,"height":12,"name":"zuiba0007","frameX":-4},{"y":39,"frameWidth":16,"x":71,"frameHeight":22,"width":14,"frameY":0,"height":17,"name":"zuiba0016","frameX":-1},{"y":1,"frameWidth":16,"x":87,"frameHeight":22,"width":8,"frameY":0,"height":12,"name":"zuiba0009","frameX":-4},{"y":1,"frameWidth":16,"x":107,"frameHeight":22,"width":8,"frameY":0,"height":12,"name":"zuiba0015","frameX":-4},{"y":1,"frameWidth":16,"x":71,"frameHeight":22,"width":14,"frameY":0,"height":17,"name":"zuiba0018","frameX":-1},{"y":24,"frameWidth":16,"x":37,"frameHeight":22,"width":16,"frameY":-1,"height":21,"name":"zuiba0011","frameX":0},{"y":20,"frameWidth":16,"x":71,"frameHeight":22,"width":14,"frameY":0,"height":17,"name":"zuiba0005","frameX":-1},{"y":47,"frameWidth":16,"x":1,"frameHeight":22,"width":8,"frameY":0,"height":12,"name":"zuiba0019","frameX":-4},{"y":1,"frameWidth":16,"x":1,"frameHeight":22,"width":16,"frameY":-1,"height":21,"name":"zuiba0001","frameX":0},{"y":47,"frameWidth":16,"x":41,"frameHeight":22,"width":8,"frameY":0,"height":12,"name":"zuiba0013","frameX":-4},{"y":1,"frameWidth":16,"x":97,"frameHeight":22,"width":8,"frameY":0,"height":12,"name":"zuiba0008","frameX":-4},{"y":24,"frameWidth":16,"x":1,"frameHeight":22,"width":16,"frameY":-1,"height":21,"name":"zuiba0012","frameX":0},{"y":1,"frameWidth":16,"x":55,"frameHeight":22,"width":14,"frameY":0,"height":17,"name":"zuiba0006","frameX":-1},{"y":24,"frameWidth":16,"x":19,"frameHeight":22,"width":16,"frameY":-1,"height":21,"name":"zuiba0003","frameX":0},{"y":20,"frameWidth":16,"x":55,"frameHeight":22,"width":14,"frameY":0,"height":17,"name":"zuiba0017","frameX":-1},{"y":1,"frameWidth":16,"x":19,"frameHeight":22,"width":16,"frameY":-1,"height":21,"name":"zuiba0002","frameX":0},{"y":1,"frameWidth":16,"x":37,"frameHeight":22,"width":16,"frameY":-1,"height":21,"name":"zuiba0010","frameX":0},{"y":47,"frameWidth":16,"x":21,"frameHeight":22,"width":8,"frameY":0,"height":12,"name":"zuiba0020","frameX":-4}],"height":64,"name":"zuiba","imagePath":"zuiba_tex.png"}