{
	"groups": [
		{
			"keys": "config_json,bear_ske_json,bear_tex_png,caodi_tex_json,caodi_ske_json,caodi_tex_png,bear_tex_json,button0001_png,bearmove_ske_json,bearmove_tex_png,dashu_tex_json,dashu_ske_json,dashu_tex_png,bearmove_tex_json,sky_png,yun_png,mogu_tex_png,mogu_tex_json,mogu_ske_json,cao051_png,streamsound 0_mp3,zuiba_tex_png,zuiba_tex_json,zuiba_ske_json,jiaoyinleft_png,jiaoyinright_png,yunlianpai00012_png,do_ske2_json,do_tex2_json,do_tex2_png,do_hover_ske2_json,do_hover_tex2_json,do_hover_tex2_png,mi_ske2_json,mi_tex2_json,mi_tex2_png,mi_hover_ske2_json,mi_hover_tex2_json,mi_hover_tex2_png,re_ske2_json,re_tex2_json,re_tex2_png,re_hover_ske2_json,re_hover_tex2_json,re_hover_tex2_png,yunlianpai00013_png,do_ske3_json,do_tex3_json,do_tex3_png,do_hover_ske3_json,do_hover_tex3_json,do_hover_tex3_png,flowers_tex3_json,flowers_tex3_png,mi_ske3_json,mi_tex3_json,mi_tex3_png,mi_hover_ske3_json,mi_hover_tex3_json,mi_hover_tex3_png,re_ske3_json,re_tex3_json,re_tex3_png,re_hover_ske3_json,re_hover_tex3_json,re_hover_tex3_png,yunlianpai00014_png,do_ske4_json,do_tex4_json,do_tex4_png,do_hover_ske4_json,do_hover_tex4_json,do_hover_tex4_png,flowers_ske2_json,flowers_tex_json,flowers_tex_png,mi_ske4_json,mi_tex4_json,mi_tex4_png,mi_hover_ske4_json,mi_hover_tex4_json,mi_hover_tex4_png,re_ske4_json,re_tex4_json,re_tex4_png,re_hover_ske4_json,re_hover_tex4_json,re_hover_tex4_png",
			"name": "preload"
		},
		{
			"keys": "do_hover_tex_png,do_hover_tex_json,do_hover_ske_json,do_tex_png,do_tex_json,do_ske_json,yunlianpai0001_png,re_hover_ske_json,re_hover_tex_json,re_hover_tex_png,re_ske_json,re_tex_json,re_tex_png,mi_hover_ske_json,mi_hover_tex_json,mi_hover_tex_png,mi_ske_json,mi_tex_json,mi_tex_png,flowers_ske_json,yinjie1_png,btn0001_png",
			"name": "lesson052"
		},
		{
			"keys": "bg053_png,btnleft0001_png,btnright0001_png,caihong1_png,yuepu1_png,yuepu2_png,yuepu3_png",
			"name": "lesson053"
		},
		{
			"keys": "caodi054_png,fangzi1_png,shou_png,jiantou_png",
			"name": "lesson054"
		},
		{
			"keys": "yanggao_tex_png,yanggao_tex_json,yanggao_ske_json,girl_tex_png,girl_tex_json,girl_ske_json,gequwuxian_png,zhanlan_png",
			"name": "lesson055"
		}
	],
	"resources": [
		{
			"url": "assets/bg.jpg",
			"type": "image",
			"name": "bg_jpg"
		},
		{
			"url": "config/description.json",
			"type": "json",
			"name": "description_json"
		},
		{
			"url": "assets/game/.DS_Store",
			"type": "bin",
			"name": "_DS_Store"
		},
		{
			"url": "assets/game/config.json",
			"type": "json",
			"name": "config_json"
		},
		{
			"url": "assets/bear/bear_tex.png",
			"type": "image",
			"name": "bear_tex_png"
		},
		{
			"url": "assets/caodi/caodi_tex.png",
			"type": "image",
			"name": "caodi_tex_png"
		},
		{
			"url": "assets/bear/bear_ske.json",
			"type": "json",
			"name": "bear_ske_json"
		},
		{
			"url": "assets/bear/bear_tex.json",
			"type": "json",
			"name": "bear_tex_json"
		},
		{
			"url": "assets/caodi/caodi_ske.json",
			"type": "json",
			"name": "caodi_ske_json"
		},
		{
			"url": "assets/caodi/caodi_tex.json",
			"type": "json",
			"name": "caodi_tex_json"
		},
		{
			"url": "assets/button0001.png",
			"type": "image",
			"name": "button0001_png"
		},
		{
			"url": "assets/sky.png",
			"type": "image",
			"name": "sky_png"
		},
		{
			"url": "assets/bearmove/bearmove_tex.png",
			"type": "image",
			"name": "bearmove_tex_png"
		},
		{
			"url": "assets/dashu/dashu_tex.png",
			"type": "image",
			"name": "dashu_tex_png"
		},
		{
			"url": "assets/bearmove/bearmove_ske.json",
			"type": "json",
			"name": "bearmove_ske_json"
		},
		{
			"url": "assets/bearmove/bearmove_tex.json",
			"type": "json",
			"name": "bearmove_tex_json"
		},
		{
			"url": "assets/dashu/dashu_ske.json",
			"type": "json",
			"name": "dashu_ske_json"
		},
		{
			"url": "assets/dashu/dashu_tex.json",
			"type": "json",
			"name": "dashu_tex_json"
		},
		{
			"url": "assets/yun.png",
			"type": "image",
			"name": "yun_png"
		},
		{
			"url": "assets/mogu/mogu_tex.png",
			"type": "image",
			"name": "mogu_tex_png"
		},
		{
			"url": "assets/mogu/mogu_tex.json",
			"type": "json",
			"name": "mogu_tex_json"
		},
		{
			"url": "assets/mogu/mogu_ske.json",
			"type": "json",
			"name": "mogu_ske_json"
		},
		{
			"url": "assets/cao051.png",
			"type": "image",
			"name": "cao051_png"
		},
		{
			"url": "assets/mp3/streamsound 0.mp3",
			"type": "sound",
			"name": "streamsound 0_mp3"
		},
		{
			"url": "assets/zuiba/zuiba_tex.png",
			"type": "image",
			"name": "zuiba_tex_png"
		},
		{
			"url": "assets/zuiba/zuiba_tex.json",
			"type": "json",
			"name": "zuiba_tex_json"
		},
		{
			"url": "assets/zuiba/zuiba_ske.json",
			"type": "json",
			"name": "zuiba_ske_json"
		},
		{
			"url": "assets/jiaoyin/jiaoyinleft.png",
			"type": "image",
			"name": "jiaoyinleft_png"
		},
		{
			"url": "assets/jiaoyin/jiaoyinright.png",
			"type": "image",
			"name": "jiaoyinright_png"
		},
		{
			"url": "assets/052/yunlianpai0001.png",
			"type": "image",
			"name": "yunlianpai0001_png"
		},
		{
			"url": "assets/052/do/do_tex.png",
			"type": "image",
			"name": "do_tex_png"
		},
		{
			"url": "assets/052/do_hover/do_hover_tex.png",
			"type": "image",
			"name": "do_hover_tex_png"
		},
		{
			"url": "assets/052/mi_hover/mi_hover_tex.png",
			"type": "image",
			"name": "mi_hover_tex_png"
		},
		{
			"url": "assets/052/mi/mi_tex.png",
			"type": "image",
			"name": "mi_tex_png"
		},
		{
			"url": "assets/052/re/re_tex.png",
			"type": "image",
			"name": "re_tex_png"
		},
		{
			"url": "assets/052/re_hover/re_hover_tex.png",
			"type": "image",
			"name": "re_hover_tex_png"
		},
		{
			"url": "assets/052/do/do_tex.json",
			"type": "json",
			"name": "do_tex_json"
		},
		{
			"url": "assets/052/do/do_ske.json",
			"type": "json",
			"name": "do_ske_json"
		},
		{
			"url": "assets/052/flowers/flowers_ske.json",
			"type": "json",
			"name": "flowers_ske_json"
		},
		{
			"url": "assets/052/do_hover/do_hover_tex.json",
			"type": "json",
			"name": "do_hover_tex_json"
		},
		{
			"url": "assets/052/mi_hover/mi_hover_ske.json",
			"type": "json",
			"name": "mi_hover_ske_json"
		},
		{
			"url": "assets/052/mi_hover/mi_hover_tex.json",
			"type": "json",
			"name": "mi_hover_tex_json"
		},
		{
			"url": "assets/052/mi/mi_ske.json",
			"type": "json",
			"name": "mi_ske_json"
		},
		{
			"url": "assets/052/mi/mi_tex.json",
			"type": "json",
			"name": "mi_tex_json"
		},
		{
			"url": "assets/052/re/re_ske.json",
			"type": "json",
			"name": "re_ske_json"
		},
		{
			"url": "assets/052/re/re_tex.json",
			"type": "json",
			"name": "re_tex_json"
		},
		{
			"url": "assets/052/re_hover/re_hover_tex.json",
			"type": "json",
			"name": "re_hover_tex_json"
		},
		{
			"url": "assets/052/re_hover/re_hover_ske.json",
			"type": "json",
			"name": "re_hover_ske_json"
		},
		{
			"url": "assets/052/do_hover/do_hover_ske.json",
			"type": "json",
			"name": "do_hover_ske_json"
		},
		{
			"url": "assets/052/yunlianpai0001.png",
			"type": "image",
			"name": "yunlianpai00012_png"
		},
		{
			"url": "assets/052/do/do_ske.json",
			"type": "json",
			"name": "do_ske2_json"
		},
		{
			"url": "assets/052/do/do_tex.json",
			"type": "json",
			"name": "do_tex2_json"
		},
		{
			"url": "assets/052/do/do_tex.png",
			"type": "image",
			"name": "do_tex2_png"
		},
		{
			"url": "assets/052/do_hover/do_hover_ske.json",
			"type": "json",
			"name": "do_hover_ske2_json"
		},
		{
			"url": "assets/052/do_hover/do_hover_tex.json",
			"type": "json",
			"name": "do_hover_tex2_json"
		},
		{
			"url": "assets/052/do_hover/do_hover_tex.png",
			"type": "image",
			"name": "do_hover_tex2_png"
		},
		{
			"url": "assets/052/mi/mi_ske.json",
			"type": "json",
			"name": "mi_ske2_json"
		},
		{
			"url": "assets/052/mi/mi_tex.json",
			"type": "json",
			"name": "mi_tex2_json"
		},
		{
			"url": "assets/052/mi/mi_tex.png",
			"type": "image",
			"name": "mi_tex2_png"
		},
		{
			"url": "assets/052/mi_hover/mi_hover_ske.json",
			"type": "json",
			"name": "mi_hover_ske2_json"
		},
		{
			"url": "assets/052/mi_hover/mi_hover_tex.json",
			"type": "json",
			"name": "mi_hover_tex2_json"
		},
		{
			"url": "assets/052/mi_hover/mi_hover_tex.png",
			"type": "image",
			"name": "mi_hover_tex2_png"
		},
		{
			"url": "assets/052/re/re_ske.json",
			"type": "json",
			"name": "re_ske2_json"
		},
		{
			"url": "assets/052/re/re_tex.json",
			"type": "json",
			"name": "re_tex2_json"
		},
		{
			"url": "assets/052/re/re_tex.png",
			"type": "image",
			"name": "re_tex2_png"
		},
		{
			"url": "assets/052/re_hover/re_hover_ske.json",
			"type": "json",
			"name": "re_hover_ske2_json"
		},
		{
			"url": "assets/052/re_hover/re_hover_tex.json",
			"type": "json",
			"name": "re_hover_tex2_json"
		},
		{
			"url": "assets/052/re_hover/re_hover_tex.png",
			"type": "image",
			"name": "re_hover_tex2_png"
		},
		{
			"url": "assets/052/yunlianpai0001.png",
			"type": "image",
			"name": "yunlianpai00013_png"
		},
		{
			"url": "assets/052/do/do_ske.json",
			"type": "json",
			"name": "do_ske3_json"
		},
		{
			"url": "assets/052/do/do_tex.json",
			"type": "json",
			"name": "do_tex3_json"
		},
		{
			"url": "assets/052/do/do_tex.png",
			"type": "image",
			"name": "do_tex3_png"
		},
		{
			"url": "assets/052/do_hover/do_hover_ske.json",
			"type": "json",
			"name": "do_hover_ske3_json"
		},
		{
			"url": "assets/052/do_hover/do_hover_tex.json",
			"type": "json",
			"name": "do_hover_tex3_json"
		},
		{
			"url": "assets/052/do_hover/do_hover_tex.png",
			"type": "image",
			"name": "do_hover_tex3_png"
		},
		{
			"url": "assets/052/flowers/flowers_tex.json",
			"type": "json",
			"name": "flowers_tex3_json"
		},
		{
			"url": "assets/052/flowers/flowers_tex.png",
			"type": "image",
			"name": "flowers_tex3_png"
		},
		{
			"url": "assets/052/mi/mi_ske.json",
			"type": "json",
			"name": "mi_ske3_json"
		},
		{
			"url": "assets/052/mi/mi_tex.json",
			"type": "json",
			"name": "mi_tex3_json"
		},
		{
			"url": "assets/052/mi/mi_tex.png",
			"type": "image",
			"name": "mi_tex3_png"
		},
		{
			"url": "assets/052/mi_hover/mi_hover_ske.json",
			"type": "json",
			"name": "mi_hover_ske3_json"
		},
		{
			"url": "assets/052/mi_hover/mi_hover_tex.json",
			"type": "json",
			"name": "mi_hover_tex3_json"
		},
		{
			"url": "assets/052/mi_hover/mi_hover_tex.png",
			"type": "image",
			"name": "mi_hover_tex3_png"
		},
		{
			"url": "assets/052/re/re_ske.json",
			"type": "json",
			"name": "re_ske3_json"
		},
		{
			"url": "assets/052/re/re_tex.json",
			"type": "json",
			"name": "re_tex3_json"
		},
		{
			"url": "assets/052/re/re_tex.png",
			"type": "image",
			"name": "re_tex3_png"
		},
		{
			"url": "assets/052/re_hover/re_hover_ske.json",
			"type": "json",
			"name": "re_hover_ske3_json"
		},
		{
			"url": "assets/052/re_hover/re_hover_tex.json",
			"type": "json",
			"name": "re_hover_tex3_json"
		},
		{
			"url": "assets/052/re_hover/re_hover_tex.png",
			"type": "image",
			"name": "re_hover_tex3_png"
		},
		{
			"url": "assets/052/yunlianpai0001.png",
			"type": "image",
			"name": "yunlianpai00014_png"
		},
		{
			"url": "assets/052/do/do_ske.json",
			"type": "json",
			"name": "do_ske4_json"
		},
		{
			"url": "assets/052/do/do_tex.json",
			"type": "json",
			"name": "do_tex4_json"
		},
		{
			"url": "assets/052/do/do_tex.png",
			"type": "image",
			"name": "do_tex4_png"
		},
		{
			"url": "assets/052/do_hover/do_hover_ske.json",
			"type": "json",
			"name": "do_hover_ske4_json"
		},
		{
			"url": "assets/052/do_hover/do_hover_tex.json",
			"type": "json",
			"name": "do_hover_tex4_json"
		},
		{
			"url": "assets/052/do_hover/do_hover_tex.png",
			"type": "image",
			"name": "do_hover_tex4_png"
		},
		{
			"url": "assets/052/flowers/flowers_ske.json",
			"type": "json",
			"name": "flowers_ske2_json"
		},
		{
			"url": "assets/052/flowers/flowers_tex.json",
			"type": "json",
			"name": "flowers_tex_json"
		},
		{
			"url": "assets/052/flowers/flowers_tex.png",
			"type": "image",
			"name": "flowers_tex_png"
		},
		{
			"url": "assets/052/mi/mi_ske.json",
			"type": "json",
			"name": "mi_ske4_json"
		},
		{
			"url": "assets/052/mi/mi_tex.json",
			"type": "json",
			"name": "mi_tex4_json"
		},
		{
			"url": "assets/052/mi/mi_tex.png",
			"type": "image",
			"name": "mi_tex4_png"
		},
		{
			"url": "assets/052/mi_hover/mi_hover_ske.json",
			"type": "json",
			"name": "mi_hover_ske4_json"
		},
		{
			"url": "assets/052/mi_hover/mi_hover_tex.json",
			"type": "json",
			"name": "mi_hover_tex4_json"
		},
		{
			"url": "assets/052/mi_hover/mi_hover_tex.png",
			"type": "image",
			"name": "mi_hover_tex4_png"
		},
		{
			"url": "assets/052/re/re_ske.json",
			"type": "json",
			"name": "re_ske4_json"
		},
		{
			"url": "assets/052/re/re_tex.json",
			"type": "json",
			"name": "re_tex4_json"
		},
		{
			"url": "assets/052/re/re_tex.png",
			"type": "image",
			"name": "re_tex4_png"
		},
		{
			"url": "assets/052/re_hover/re_hover_ske.json",
			"type": "json",
			"name": "re_hover_ske4_json"
		},
		{
			"url": "assets/052/re_hover/re_hover_tex.json",
			"type": "json",
			"name": "re_hover_tex4_json"
		},
		{
			"url": "assets/052/re_hover/re_hover_tex.png",
			"type": "image",
			"name": "re_hover_tex4_png"
		},
		{
			"url": "assets/052/yinjie1.png",
			"type": "image",
			"name": "yinjie1_png"
		},
		{
			"url": "assets/052/btn0001.png",
			"type": "image",
			"name": "btn0001_png"
		},
		{
			"url": "assets/053/bg053.png",
			"type": "image",
			"name": "bg053_png"
		},
		{
			"url": "assets/053/btnleft0001.png",
			"type": "image",
			"name": "btnleft0001_png"
		},
		{
			"url": "assets/053/btnright0001.png",
			"type": "image",
			"name": "btnright0001_png"
		},
		{
			"url": "assets/053/caihong1.png",
			"type": "image",
			"name": "caihong1_png"
		},
		{
			"url": "assets/053/yuepu1.png",
			"type": "image",
			"name": "yuepu1_png"
		},
		{
			"url": "assets/053/yuepu2.png",
			"type": "image",
			"name": "yuepu2_png"
		},
		{
			"url": "assets/053/yuepu3.png",
			"type": "image",
			"name": "yuepu3_png"
		},
		{
			"url": "assets/054/caodi.png",
			"type": "image",
			"name": "caodi054_png"
		},
		{
			"url": "assets/054/fangzi1.png",
			"type": "image",
			"name": "fangzi1_png"
		},
		{
			"url": "assets/054/shou.png",
			"type": "image",
			"name": "shou_png"
		},
		{
			"url": "assets/054/jiantou.png",
			"type": "image",
			"name": "jiantou_png"
		},
		{
			"url": "assets/055/girl/girl_tex.png",
			"type": "image",
			"name": "girl_tex_png"
		},
		{
			"url": "assets/055/yanggao/yanggao_tex.png",
			"type": "image",
			"name": "yanggao_tex_png"
		},
		{
			"url": "assets/055/girl/girl_ske.json",
			"type": "json",
			"name": "girl_ske_json"
		},
		{
			"url": "assets/055/yanggao/yanggao_ske.json",
			"type": "json",
			"name": "yanggao_ske_json"
		},
		{
			"url": "assets/055/girl/girl_tex.json",
			"type": "json",
			"name": "girl_tex_json"
		},
		{
			"url": "assets/055/yanggao/yanggao_tex.json",
			"type": "json",
			"name": "yanggao_tex_json"
		},
		{
			"url": "assets/055/gequwuxian.png",
			"type": "image",
			"name": "gequwuxian_png"
		},
		{
			"url": "assets/055/zhanlan.png",
			"type": "image",
			"name": "zhanlan_png"
		}
	]
}